-1,4.8e-05,4.8e-05,0.0005260800000000001,0.00047808000000000003,0.004137101635026359,4.8e-06,0.0004,0.0002,0.0004,0.5,0.05,-147699970.1440712,0
0,7.041743227265647e-05,5.0267147960434674e-05,0.0005459735830472261,0.0004862959384204673,0.004231631831489823,1.6927586725784463e-06,0.0005905097819104968,0.00010124605104091798,0.00030119294495337763,0.4673957662022229,0.3897135226046968,-147701885.29260105,144.383469581604
1,7.2e-05,5.0267147960434674e-05,0.0005459735830472261,0.0004862959384204673,0.004231631831489823,1.6927586725784463e-06,0.0005905097819104968,0.00010124605104091798,0.00030119294495337763,0.4673957662022229,0.3897135226046968,-147701897.35700533,288.60689973831177
2,7.041743227265647e-05,5.278050535845641e-05,0.0005459735830472261,0.0004862959384204673,0.004231631831489823,1.6927586725784463e-06,0.0005905097819104968,0.00010124605104091798,0.00030119294495337763,0.4673957662022229,0.3897135226046968,-147701918.80227834,428.12548184394836
3,7.041743227265647e-05,5.0267147960434674e-05,0.0005471232,0.0004862959384204673,0.004231631831489823,1.6927586725784463e-06,0.0005905097819104968,0.00010124605104091798,0.00030119294495337763,0.4673957662022229,0.3897135226046968,-147701883.94291896,566.2962050437927
4,7.041743227265647e-05,5.0267147960434674e-05,0.0005459735830472261,0.0004972032000000001,0.004231631831489823,1.6927586725784463e-06,0.0005905097819104968,0.00010124605104091798,0.00030119294495337763,0.4673957662022229,0.3897135226046968,-147701827.26750743,702.8321373462677
5,7.041743227265647e-05,5.0267147960434674e-05,0.0005459735830472261,0.0004862959384204673,0.00437614163502636,1.6927586725784463e-06,0.0005905097819104968,0.00010124605104091798,0.00030119294495337763,0.4673957662022229,0.3897135226046968,-147701628.91391978,849.2507078647614
6,7.041743227265647e-05,5.0267147960434674e-05,0.0005459735830472261,0.0004862959384204673,0.004231631831489823,1.7773966062073688e-06,0.0005905097819104968,0.00010124605104091798,0.00030119294495337763,0.4673957662022229,0.3897135226046968,-147701884.13874757,994.5026788711548
7,7.041743227265647e-05,5.0267147960434674e-05,0.0005459735830472261,0.0004862959384204673,0.004231631831489823,1.6927586725784463e-06,0.0006000000000000001,0.00010124605104091798,0.00030119294495337763,0.4673957662022229,0.3897135226046968,-147701907.69185123,1137.5135474205017
8,7.041743227265647e-05,5.0267147960434674e-05,0.0005459735830472261,0.0004862959384204673,0.004231631831489823,1.6927586725784463e-06,0.0005905097819104968,0.00010630835359296388,0.00030119294495337763,0.4673957662022229,0.3897135226046968,-147701896.66052696,1289.2869703769684
9,7.041743227265647e-05,5.0267147960434674e-05,0.0005459735830472261,0.0004862959384204673,0.004231631831489823,1.6927586725784463e-06,0.0005905097819104968,0.00010124605104091798,0.00031625259220104655,0.4673957662022229,0.3897135226046968,-147701516.31648275,1432.9325187206268
10,7.041743227265647e-05,5.0267147960434674e-05,0.0005459735830472261,0.0004862959384204673,0.004231631831489823,1.6927586725784463e-06,0.0005905097819104968,0.00010124605104091798,0.00030119294495337763,0.49076555451233406,0.3897135226046968,-147701992.13512248,1569.9561235904694
11,7.041743227265647e-05,5.0267147960434674e-05,0.0005459735830472261,0.0004862959384204673,0.004231631831489823,1.6927586725784463e-06,0.0005905097819104968,0.00010124605104091798,0.00030119294495337763,0.4673957662022229,0.4091991987349317,-147701922.45867845,1715.1138498783112
12,7.070517185944622e-05,5.072412203280228e-05,0.0005461826043113667,0.0004882790768894735,0.004257906341223736,1.7081473877837046e-06,0.0005922352761085882,0.00010216646968674446,0.00030393106263477206,0.44402597789211173,0.3932563728101941,-147701623.9760212,1858.2650561332703
13,7.075748814795347e-05,5.0807208227778204e-05,0.0005462206081775741,0.0004886396475202018,0.004262683524811722,1.7109453360028421e-06,0.0005925490023264231,0.00010233381853144022,0.0003044289022132074,0.46314671378220273,0.3708720010572797,-147701636.47675616,2000.603931903839
14,7.081931648891655e-05,4.793506953326953e-05,0.0005462655218376371,0.0004890657764474263,0.004268329287233884,1.714252002080005e-06,0.0005929197696747733,0.00010253159443880788,0.00030501725807863104,0.4623741587967445,0.38693194599707514,-147701594.5006862,2137.5667486190796
15,7.089238634641837e-05,5.00244126718067e-05,0.0005463186016177119,0.0004895693833614187,0.004275001551914622,1.7181598801711975e-06,0.0005821422369806835,0.00010276532960206059,0.00030571258773776794,0.46146113926847576,0.38642620479568934,-147701559.8941614,2290.3843779563904
16,6.910843431842365e-05,4.998027898296525e-05,0.0005463813322668912,0.0004901645551688644,0.004282886955628224,1.7227782815516975e-06,0.0005901110832647661,0.00010304156206772294,0.0003065343409712934,0.46038211618961256,0.385828510648597,-147701519.8428963,2438.3033442497253
17,7.045300241772482e-05,4.992812098706172e-05,0.0005464554684886486,0.0004908679400322095,0.004292206069107933,1.7282363922741074e-06,0.0005900385926019059,0.0001,0.00030750550388364186,0.4591069070964109,0.38512214483839713,-147701478.5159915,2589.448516845703
18,7.047078749025898e-05,4.9758607500375234e-05,0.0005466964112093599,0.0004931539408380807,0.004322493187916988,1.745975252121938e-06,0.0005898029979476103,0.0001,0.0003106617833487739,0.45496247754350483,0.3828264559552472,-147701367.50640067,2740.382543563843
19,7.046270336637982e-05,4.983565908523272e-05,0.0005465868917908549,0.0004921148495626844,0.004308726315731055,1.7379121340092876e-06,0.0005899100864268359,0.00010222104523751219,0.00030922711086462306,0.4568463091584619,0.3838699509021336,-147701414.762395,2888.7713499069214
20,7.047093447432954e-05,4.9757206562468713e-05,0.0005466984024715146,0.0004931728334067239,0.004322743494684006,1.6460952054352594e-06,0.0005898010508843519,0.00010239831690962023,0.0003106878683030312,0.45492822605959626,0.38280748331984915,-147701372.65810978,3033.4603312015533
21,7.048066214736099e-05,4.966448994465672e-05,0.0005454715496044706,0.0004944231779496796,0.0043393092516284,1.7222488723108753e-06,0.0005896721906977801,0.00010260781979483884,0.0003124142180029681,0.45266140057911874,0.38155183981351337,-147701335.5587541,3173.6069798469543
22,7.051227708471325e-05,4.936316093676773e-05,0.0005446457244067059,0.0004972032000000001,0.00437614163502636,1.7369939721770898e-06,0.0005892533950914219,0.00010328870417179926,0.0003180248545277633,0.4452942177675667,0.37747099841792164,-147701292.34301603,3313.418687105179
23,7.049790665864404e-05,4.9500128667626355e-05,0.0005463797377135136,0.00048351591637014687,0.004365583761362318,1.7302916540560833e-06,0.0005894437567306756,0.0001029792112731809,0.00031547456519831095,0.44864293722736326,0.3793259263250087,-147701331.3712069,3448.1940569877625
24,7.011065414892716e-05,4.872241757116432e-05,0.0005461616452260636,0.000491147881368117,0.004353241201958709,1.7156225030050046e-06,0.0005868399462064314,0.00010200878791752059,0.0003142469102994091,0.4502549393646853,0.39970452519383115,-147701331.72398174,3585.0730917453766
25,7.039493218354606e-05,4.8981617767731404e-05,0.0005464428634798365,0.0004943737619128787,0.004235619376640862,1.737966226506956e-06,0.0005882119237670732,0.0001032352348401524,0.00031985631580397193,0.4428893729742036,0.38267954957171113,-147701273.06644967,3722.827315568924
26,7.038368213899083e-05,4.8338852671379775e-05,0.0005466775036961418,0.0004972032000000001,0.004165358247448113,1.760570003471211e-06,0.0005870629946953614,0.00010422982673976959,0.0003291880012292691,0.430636176360194,0.3791625630552182,-147701269.41133657,3874.9439861774445
27,7.004873992030991e-05,4.809095835692338e-05,0.0005463238239220188,0.0004940131912821501,0.004337027744302464,1.7321088959721536e-06,0.0005855460147665768,0.00010268997202214866,0.0003217103687761224,0.4638246519148751,0.3765741885016729,-147701233.92523843,4020.8543627262115
28,6.972052395074174e-05,4.677437651898393e-05,0.0005463944337273448,0.0004968802484784883,0.00437614163502636,1.7440896500663776e-06,0.000582201384095571,0.00010295172318985078,0.0003306000218467975,0.4737239889262568,0.3682330963474123,-147701273.71497998,4175.447376966476
29,6.979449046018384e-05,5.090835427893862e-05,0.0005462515067747268,0.0004941260216941471,0.004339095426850239,1.7292509896562437e-06,0.0005835208384898105,0.00010235364319432903,0.00032365928436817084,0.44574019703172074,0.38101538667926405,-147701188.8586401,4327.784700393677
30,6.928207744581749e-05,5.239499665177317e-05,0.0005462444992432717,0.0004966561443175076,0.004374478496658417,1.7367504834443633e-06,0.0005788213728973291,0.00010226466757208959,0.0003329802975129408,0.43742321614920887,0.37805710702035844,-147701209.7593452,4484.933167219162
31,6.952180316882118e-05,4.897972779624362e-05,0.0005461862279322913,0.0004944508944770143,0.004344076593975977,1.7273596769259686e-06,0.0005945490260037417,0.0001020450559569433,0.0003262269904600163,0.443794863426034,0.38053734276857254,-147701159.95403618,4651.763144493103
32,6.883651158002258e-05,4.845738535846209e-05,0.0005461200410895809,0.000496891650034812,0.00437614163502636,1.7319595753033544e-06,0.0006000000000000001,0.00010168491913438465,0.00033648419182114053,0.43496172550481305,0.3775929117550141,-147701177.08511972,4959.19163274765
33,7.138091316961542e-05,4.884194308749933e-05,0.0005460880237677301,0.0004946350570892322,0.004347316579052874,1.7235742565226086e-06,0.0005873870783994731,0.0001015876405620483,0.0003289857189517132,0.44185802236606475,0.3801730063920241,-147701142.49353862,5104.313285827637
34,7.2e-05,4.827277513976637e-05,0.0005459413695181495,0.0004968703080494162,0.00437614163502636,1.7239722440080646e-06,0.0005860250759668266,0.00010086067980921097,0.00034021140794192307,0.43259597545429096,0.37734525426373766,-147701171.81994262,5255.1492800712585
35,7.024709356028426e-05,4.829594595131439e-05,0.0005465165803911231,0.0004972032000000001,0.00437614163502636,1.759196698940253e-06,0.0005864206154790107,0.00010344525877451329,0.0003215825816766267,0.4302011462014257,0.37455335512452925,-147701187.22793666,5403.94663476944
36,7.016262068363442e-05,4.844748698398572e-05,0.000545890487756634,0.0004951261207146996,0.004354768140197019,1.7179131584059507e-06,0.0005863858616994306,0.00010269284885737384,0.0003308545122515964,0.4359060281620891,0.3787030003220735,-147701108.48177743,5556.672047376633
37,7.001257934226171e-05,4.775340093336221e-05,0.0005455422857395236,0.0004966317562907071,0.00437614163502636,1.7079136706042822e-06,0.0005846237493357278,0.00010292875066730464,0.00034166821294508306,0.42543588766390283,0.3761195250320435,-147701115.25098604,5707.090715408325
38,7.009833252283104e-05,4.828780867429828e-05,0.0005456320834914504,0.0004944232800175648,0.004346573624064615,1.8227878966110139e-06,0.0005858739537537472,0.00010256912844849376,0.000333060417349291,0.4343655298250446,0.3790191982683987,-147701065.4018817,5858.180901527405
39,6.991203154708178e-05,4.755310973021307e-05,0.0005450989240014183,0.0004950485033229854,0.00435848868875492,1.9111342421988907e-06,0.0005839104051884448,0.00010265453421793051,0.000344246691872421,0.42408418170776874,0.3771250557426735,-147701028.01397464,6014.125421524048
40,6.999688751723303e-05,4.788540814181682e-05,0.0005453436225339797,0.0004947866384925543,0.004353368567347622,1.752936757211054e-06,0.000584800626188822,0.0001054500879431922,0.0003391928493078478,0.4287170427346383,0.37796360741253276,-147701042.73827562,6171.956841468811
41,7.033633601643866e-05,4.876941453841909e-05,0.0005457296571187151,0.0004972032000000001,0.004322643710649337,1.790073916183633e-06,0.000587392892472254,0.00010406699093943011,0.00034014334763147406,0.4295085997079947,0.3571326440318944,-147700944.90055582,6337.368486881256
42,7.04491769501944e-05,4.879291302204648e-05,0.0005455136630650409,0.0004972032000000001,0.004307344964994651,1.8272996227729468e-06,0.0005876693656051654,0.00010509609245038486,0.00035309156629750654,0.41913542987964947,0.33584670345092604,-147700818.07365513,6494.20627117157
43,6.994022355973092e-05,4.7863118779124366e-05,0.000545354096513361,0.0004972032000000001,0.004299712279178879,1.79304257762653e-06,0.000584466465379735,0.00010348145507053417,0.0003457551474778806,0.425755600509369,0.3696059296508838,-147700858.36251584,6643.2799191474915
44,6.982184340184673e-05,4.772735157222965e-05,0.0005471232,0.000493887568558688,0.004275258158997115,1.7965309150417855e-06,0.0005837864761623183,0.00010320700778986764,0.00034824672959390404,0.42555184410403835,0.37003084505487305,-147700803.22875696,6784.001585245132
45,6.947662656041348e-05,4.690944688996062e-05,0.0005471232,0.000492229752838032,0.004224816420982491,1.8262993864741333e-06,0.0005810530166977666,0.00010316615959890182,0.00036335766712697446,0.4156806572722742,0.36631076837334886,-147700626.20137465,6934.485456705093
46,6.978551915146416e-05,4.849176787735958e-05,0.0005452661611508262,0.0004929833054383301,0.00437614163502636,1.784905680657286e-06,0.000584884153286089,0.00010207249119628496,0.0003432962494192538,0.4374907002226984,0.3660025904754183,-147701141.61825433,7076.19802904129
47,7.00726030485368e-05,4.881253665007711e-05,0.0005454275386029142,0.0004959860621845765,0.0043322942432225155,1.82296620355364e-06,0.0005862807947638756,0.00010350007667283978,0.000354698587443879,0.399514233451258,0.3666688562969175,-147700883.0709178,7213.641937494278
48,7.037741843381794e-05,4.561408297735975e-05,0.000545350043355331,0.0004962114209526573,0.004328989981833337,1.8428632396690761e-06,0.0005888077812722901,0.00010404484795129771,0.0003583931815019592,0.4091939676834193,0.3596191980498087,-147700857.74130493,7351.859934568405
49,6.994851076526912e-05,4.773887985517405e-05,0.0005448728720960636,0.0004929539191836511,0.004283370745803939,1.8281296286993985e-06,0.0005863420344273227,0.00010306224858507427,0.0003671627205253821,0.4209135315104404,0.36336592831823067,-147700768.4349391,7487.135399103165
50,7.075138435608635e-05,4.682948929368671e-05,0.0005449644325846721,0.0004954340473805708,0.004304398359913952,1.8782884601270343e-06,0.00057672144361597,0.00010464739551684985,0.0003699611717538772,0.4031595721193605,0.35425986531957976,-147700778.56427407,7630.7640080451965
51,6.87778145710141e-05,4.6601373312646905e-05,0.0005448583474432229,0.0004953951557304145,0.004293355062266342,1.910203735731199e-06,0.0005819441848959655,0.00010566112999443609,0.00037465252558984644,0.3980603313162927,0.3499127215011385,-147700721.25858948,7769.200138568878
52,7.018998957453808e-05,4.660784042011163e-05,0.0005456060621132897,0.0004972032000000001,0.00424947790215467,1.8716537761554143e-06,0.0005839125703020545,0.00010582875914168143,0.00036604313624423175,0.3952584954766759,0.3611577066951479,-147700606.2546323,7905.4395360946655
53,7.039222478607502e-05,4.566587669148765e-05,0.0005457760125945213,0.0004972032000000001,0.004186146035718825,1.915027823904478e-06,0.0005834267788100372,0.00010770689311437965,0.00037741657965672084,0.3741423931036647,0.35873526480501283,-147700454.31739026,8044.37982749939
54,6.985463424281156e-05,4.6146373987576735e-05,0.0005449609218416433,0.0004957202611190171,0.00424019283253343,1.9744853284973918e-06,0.0005818728468179142,0.00010612004589095729,0.0003869507038491844,0.38561341570848073,0.3448267994817543,-147700561.59682652,8186.112905025482
55,6.999450317749997e-05,4.6392264801701995e-05,0.0005454382051202366,0.0004962294929096102,0.004221014999052974,1.9797432881079863e-06,0.0005829257588065395,0.00010348461734109619,0.00038729561307317617,0.38496537804026676,0.3395413182220627,-147700506.26116717,8329.162839889526
56,7.009435398954542e-05,4.6513500499030993e-05,0.0005457445911289467,0.0004961823534585655,0.004190899661336232,1.834020175103621e-06,0.0005836369531920245,0.00010643109527056979,0.00039006884709055843,0.3824857293094087,0.3335464630699927,-147700443.3646621,8475.546197891235
57,7.018551521077726e-05,4.599369588343996e-05,0.000546067424692711,0.0004967492785263555,0.004107105147626888,1.7954631415559865e-06,0.0005835002271938144,0.00010831937579688943,0.00041297992469962715,0.36168650311022876,0.3117571667336523,-147700317.3342147,8621.143916845322
58,6.995431197213414e-05,4.474155707614202e-05,0.0005455323194528683,0.0004953835612045704,0.00417615063494216,1.917187657022025e-06,0.0005807610058765826,0.00010646178902003317,0.0003902135582928728,0.40017790841300493,0.3340187189587913,-147700424.48343575,8768.756622314453
59,7.008925299046786e-05,4.512341827382524e-05,0.0005456381657132415,0.0004938355799717962,0.00418626684548821,1.969683115566498e-06,0.0005819016153510593,0.0001070222895222477,0.00040724034567977887,0.3692860518828279,0.3246112436608083,-147700436.36306942,8911.211034059525
60,6.959966439940807e-05,4.7283242311310856e-05,0.0005456946047545277,0.0004943953879317098,0.004131039481680093,1.942920612778029e-06,0.0005763046329273712,0.00010700024965438416,0.0004034836142334855,0.3785917000177609,0.32823289264570144,-147700356.28299892,9057.967549800873
61,6.937344905561592e-05,4.382992668285402e-05,0.0005455638835338153,0.0004928930975992232,0.00412062895609795,1.979506227856901e-06,0.0005753767335621698,0.00010629521555602413,0.0004179474199717527,0.36127865057391473,0.3506210580072705,-147700320.64586908,9204.456933259964
62,6.882070795872933e-05,4.524797539106239e-05,0.0005462221050958466,0.0004942002593493164,0.004090162942303013,1.946920620999153e-06,0.0005860801628143105,0.00010704351613304543,0.0004098025869186322,0.3696397953259408,0.331546294809106,-147700313.17612743,9358.108850240707
63,6.785536976005083e-05,4.445721843975023e-05,0.0005468509413514339,0.0004935833653336892,0.0039830452334975435,1.9812367014352125e-06,0.0005907595224134807,0.00010824157644114321,0.00042972329450100964,0.352879906929231,0.32018950955386916,-147700348.13798472,9502.934965848923
64,6.941852649381208e-05,4.3885693108827484e-05,0.0005465589806753247,0.0004969069948490844,0.0040760618648674005,2.0186778146631074e-06,0.0005764119589824102,0.00010935252989172482,0.000420353741127718,0.3425633384467701,0.3166548438997051,-147700255.5741799,9644.12875699997
65,6.915353435808357e-05,4.195909973565419e-05,0.0005471232,0.0004972032000000001,0.003972407424399131,2.1139519076449615e-06,0.0005714469212599539,0.00011249767054505013,0.00044694925142888594,0.30338824191493496,0.2932993016904424,-147700272.38008508,9785.219748735428
66,7.070571576493947e-05,4.452943961429655e-05,0.0005468827113703654,0.0004947406381420791,0.004026569694332464,1.956326267437108e-06,0.0005798039492567574,0.00010742481210005187,0.0004211732479792304,0.3553261763010045,0.32406116388017314,-147700323.4779398,9925.667329788208
67,7.023037453999934e-05,4.3788637441407555e-05,0.0005445741336082005,0.0004972032000000001,0.004059063476225401,2.063871867778351e-06,0.0005804680142838636,0.00011069408295034068,0.0004429800302334217,0.3267323083502467,0.29998137073647624,-147700304.17651287,10071.842289447784
68,6.992068327527179e-05,4.412303097176066e-05,0.0005466660866332038,0.0004951416826053001,0.004010754454436639,1.931938023806176e-06,0.0005793927600666162,0.00010857183975999132,0.0004295741437628914,0.346093894030725,0.3133116253107474,-147700290.28664178,10212.23212313652
69,6.976739254017824e-05,4.346455218855515e-05,0.0005464120545387863,0.0004944346671230144,0.003991703097986852,1.9179881979588887e-06,0.0005776974846707318,0.00011213221784056063,0.00043691624011884774,0.3396743891517495,0.3138280714956545,-147700285.06003448,10353.27075791359
70,6.925606506871288e-05,4.379069948005451e-05,0.000546189891054368,0.0004929575904186271,0.003991218799915189,1.983241911990472e-06,0.0005761547748237242,0.0001087145465629464,0.0004576133936193263,0.34423046427891235,0.2864691806746392,-147700266.46637702,10495.679204702377
71,6.940754815127367e-05,4.409084538975861e-05,0.0005464280516340343,0.0004961655759826185,0.0039556347091325265,1.9310518560419017e-06,0.0005766350581868232,0.00010970683325338718,0.00043694836358527673,0.34453124411721914,0.3136582812759039,-147700370.73317352,10639.214967012405
72,6.944307756581462e-05,4.435439537173576e-05,0.0005466967582909833,0.0004947597792549439,0.003925657114985916,1.9860680780445336e-06,0.0005770254953540708,0.00011085734179802973,0.0004624723882980745,0.30352181226053565,0.3005489082173959,-147700355.29367924,10779.47279214859
73,6.999630128022796e-05,4.5053025236660476e-05,0.000545849881865626,0.0004937221650718641,0.004140722569132529,1.9822068284796816e-06,0.0005812224316196935,0.00010782148093642892,0.0004203783147716338,0.3517122162187426,0.3185258235260092,-147700363.7471935,10924.192541599274
74,6.984911299798939e-05,4.481248027493501e-05,0.0005459944243077281,0.0004943330177995526,0.004094450604132528,1.969418085370237e-06,0.000580075588261476,0.00010829281901566848,0.00042452082697504455,0.34991697319336174,0.3173089379634829,-147700291.81271836,11064.479720830917
75,6.984953932274472e-05,4.141139885394899e-05,0.000546637841391169,0.0004954810130987443,0.003958665273394498,1.975155794033046e-06,0.0005822384851217098,0.00011076307714657453,0.0004576680118946175,0.31243817362285553,0.30196503857762635,-147700289.17711785,11207.062965154648
76,7.008002829396185e-05,4.380515551756285e-05,0.000545624975691111,0.0004952477552016558,0.004170049123435691,1.930024277128089e-06,0.0005824654390163993,0.00010688884597539165,0.00039780571484758183,0.38912921799141154,0.3299065012532466,-147700387.87096655,11356.883822441101
77,6.960231524785143e-05,4.4217085408192536e-05,0.0005464288126410153,0.0004948817732416218,0.0039867551170983595,1.9720571278154227e-06,0.0005783854812696529,0.0001098652178423702,0.00044630571993545135,0.32492366369325465,0.30788830647635856,-147700283.50550243,11507.655111551285
78,6.861677181900279e-05,4.357331960116496e-05,0.0005453564955700291,0.0004952925572417098,0.004061897530046578,1.9626262441679365e-06,0.0005794290818433297,0.00011076508580833654,0.0004436743955221025,0.33179712438589737,0.303453726062503,-147700287.07028154,11657.414071083069
79,6.981146084894212e-05,4.422617669957311e-05,0.0005466376165040724,0.0004972032000000001,0.003957159827180841,1.936377195804695e-06,0.0005845930881344919,0.00011270738603460286,0.00045157785544782596,0.32048437262425666,0.2683179533999933,-147700296.73811415,11803.317457914352
80,6.893138480981077e-05,4.174104037464775e-05,0.0005462377465836061,0.0004938027134240028,0.003943420850116258,2.1460410192417382e-06,0.0005766682964920614,0.0001114810458369582,0.00046356315631053294,0.31258522363594776,0.2992838058856736,-147700279.7448688,11942.085943937302
81,7.031631512569169e-05,4.184913631858629e-05,0.000546085910087336,0.0004962794515237123,0.00393368267504254,2.0307872485699503e-06,0.0005723771124493383,0.0001135637290833318,0.0004765151430718733,0.294258372931146,0.2736287707332322,-147700341.09114838,12082.29395198822
82,6.919460975046991e-05,4.439826562294336e-05,0.0005461880563437189,0.0004947200573929154,0.004051042875487895,1.9678872778918526e-06,0.0005826544002230675,0.00010867356937061703,0.0004264807259569425,0.3507944397272421,0.3170669137901376,-147700266.20402378,12230.514161348343
83,6.871832767359814e-05,4.341931575579309e-05,0.0005471232,0.0004928250303990132,0.00396332385007697,1.8963842581750254e-06,0.0005783867856960041,0.00010954579616063225,0.00044033782625226947,0.3415407928844757,0.30830015717925496,-147700305.44324383,12369.629938364029
84,6.985236282339903e-05,4.369630702000394e-05,0.0005454374307242375,0.0004961086575997534,0.004035128569688294,2.0219999653775193e-06,0.0005799477071368987,0.00011040701125291357,0.00044231947923813365,0.33043442948380397,0.3020610673471709,-147700267.35210133,12512.742722272873
85,6.91446780872839e-05,4.288543655588768e-05,0.0005457456235801433,0.0004926260226898773,0.004079403634122885,2.0394467064346483e-06,0.0005734170971185405,0.0001071142431160629,0.0004300566599088302,0.3495978298576561,0.3460986861424974,-147700274.88181862,12651.664566755295
86,6.89789468635629e-05,4.194876139524445e-05,0.000546343579280563,0.0004951858421431111,0.003939377044442171,2.0191382934262733e-06,0.0005767239622382955,0.00011131452360779631,0.0004581202034604817,0.3201072032275137,0.30234220124791955,-147700294.25637108,12790.773854494095
87,6.963157146438277e-05,4.409655055501237e-05,0.0005460817130509368,0.0004945462238854423,0.004055682214209939,1.981848137384246e-06,0.0005792376817556808,0.00010904824516370043,0.00043292067109640387,0.34246453070189975,0.31356725378459205,-147700262.8095275,12930.69577383995
88,6.88548108024825e-05,4.263339607719185e-05,0.0005455656672128573,0.0004942689121155712,0.004031241877733205,2.065692921095438e-06,0.0005773785943766214,0.00011112212202778418,0.0004536753461878189,0.32327039814854575,0.3063859918049904,-147700286.36964154,13068.412914991379
89,6.87450950240528e-05,4.556720950832041e-05,0.000545398971695199,0.0004937091996251867,0.0040965268050187475,2.0389364466980944e-06,0.0005736492528224208,0.00010899616552869363,0.00042485553883667474,0.3588956139247226,0.3185363882158141,-147700288.62309512,13209.693549156189
90,6.902120609872577e-05,4.452825684472755e-05,0.0005457086891191915,0.000494152152993576,0.004062061422112686,2.0229912835318323e-06,0.0005757965608972431,0.00010943789343316385,0.00043305865710116043,0.34728125384925584,0.31439355080626713,-147700261.9145624,13351.645820617676
91,7.005139603319894e-05,4.357891371447944e-05,0.0005467443527070958,0.0004936903092552876,0.003993324346924143,2.0624414582657297e-06,0.0005757981977469672,0.00010875284916235476,0.0004369190209508366,0.3423519594277459,0.31903675977525814,-147700287.16500282,13490.23973441124
92,6.897542787255182e-05,4.357471812949358e-05,0.0005457034598542957,0.0004948919952451043,0.004044754234265969,1.9875800476923846e-06,0.0005785213608192391,0.00011026202664684109,0.000441985551879286,0.3344358331463595,0.30734948449069177,-147700261.5885284,13629.810112476349
93,6.983528742609545e-05,4.468998670250741e-05,0.0005465602342718018,0.0004948272422231597,0.004026436791334383,1.9451724407194914e-06,0.0005780564609305149,0.00010823943196455388,0.00042479265313811435,0.3529087647556092,0.3162796745210802,-147700291.75987235,13765.405458927155
94,6.909992995838574e-05,4.314754373352074e-05,0.0005458143089775934,0.0004944084946424683,0.0040300406061335,2.0355628010014515e-06,0.0005775480610150948,0.00011040144951197661,0.0004464546729253928,0.3306799898003116,0.30885941248401283,-147700260.7792891,13904.094439029694
95,6.88013488553465e-05,4.380119269022877e-05,0.0005456051659347469,0.00049465672858289,0.004072946027107399,2.1142543644092337e-06,0.000577710402699016,0.00010691465100112574,0.0004432860197173666,0.33486942841578027,0.30793420228284485,-147700308.8315101,14042.568793296814
96,6.952588161897031e-05,4.3548712313973556e-05,0.0005462103323877765,0.0004944901824879833,0.004012013830266989,1.967054739571475e-06,0.0005777007141778028,0.00011082782613070191,0.0004385086850184775,0.3384731489677572,0.3123546041924521,-147700258.48686412,14185.162207603455
97,6.89525291242404e-05,4.292713708982429e-05,0.0005455486841501108,0.000494138424145439,0.004082486501299277,2.059275909417436e-06,0.0005768979029924857,0.00010935667068810373,0.00043247889718858604,0.35208369665145745,0.3146860214323396,-147700265.57645097,14324.57811665535
98,6.962730398308643e-05,4.5618836071583e-05,0.0005456144661287027,0.0004952785222760465,0.004151105432132835,1.8695165434776114e-06,0.0005786568344065181,0.00010735459266645133,0.00040956977733678666,0.3716036772570388,0.32609092484969104,-147700370.95066583,14464.176556110382
99,6.91053646031297e-05,4.2710489298881566e-05,0.0005460819264698803,0.0004941716656370137,0.0039953419956204024,2.0769099003007063e-06,0.0005771654309706755,0.00011044943254433147,0.00045006481156709637,0.3273398370412205,0.305985585626678,-147700250.4359747,14679.021937131882
100,6.940686279940345e-05,4.444263129816013e-05,0.0005461677351121176,0.0004967362390005601,0.003999838713853031,1.9829223460785306e-06,0.0005825895490258817,0.00011232779346521363,0.0004467141194945377,0.33054416325052394,0.2719827535899909,-147700254.20124218,14815.267665863037
101,6.861817805892546e-05,4.3767456157344986e-05,0.0005466087105840014,0.0004933677097999217,0.004037697440863028,1.9932640654449333e-06,0.0005765392738964297,0.00010938425845787206,0.0004352503256663985,0.3497275152183251,0.3105515880658302,-147700240.64328194,14954.494486808777
102,6.800108567668866e-05,4.380303072601551e-05,0.0005471232,0.0004919972359000058,0.004038981876450395,1.9788961154786408e-06,0.0005748350572761952,0.00010887288206035131,0.0004317157488805309,0.35937405808558576,0.31479684842515987,-147700237.53920233,15091.551782369614
103,6.89862977423345e-05,4.367530574201461e-05,0.0005460259427894406,0.0004963441670685715,0.004090291406369807,2.031231974011648e-06,0.0005800922575645987,0.00011110551142009463,0.0004152477486054249,0.33868486111533924,0.3312939597839111,-147700263.63020018,15228.48864030838
104,6.900987815000738e-05,4.293629234804781e-05,0.0005459983023084025,0.0004948769927625844,0.0040376034273210855,2.0581038255865945e-06,0.000573126788045534,0.00011158865989414722,0.00044433805674935105,0.32991914410120904,0.3032829623036443,-147700247.06884658,15366.959744930267
105,6.92623858718309e-05,4.440908547357115e-05,0.0005467194232580636,0.0004955929112131779,0.003997999242604578,1.9665020879099482e-06,0.0005781976280130336,0.00011131137479594117,0.00044049609634693755,0.32459996853149387,0.30359057118349764,-147700272.7950623,15507.038960695267
106,6.902999331113802e-05,4.329762418576101e-05,0.000545841368927099,0.0004945020459123737,0.004061364686625602,2.0360824540405644e-06,0.0005772228342476227,0.00010984534671506309,0.00043448319697817395,0.34521276462146655,0.31191215887012913,-147700250.37667385,15646.80805516243
107,6.923656190261019e-05,4.359224744751654e-05,0.0005462086057346719,0.0004930522371707368,0.003984934933944192,1.99542792877554e-06,0.0005744815601105614,0.00010933341320848997,0.00046122459917968925,0.33918569561418077,0.2834586690294204,-147700268.54850912,15790.059257984161
108,6.904886378240343e-05,4.365454116839009e-05,0.0005460716085257484,0.0004955211845941129,0.004063952288263404,2.022280962702621e-06,0.0005786895832010894,0.00011066248686719346,0.000426741961248991,0.3388100697400496,0.3193351370952884,-147700249.7834597,15931.252437829971
109,6.848534132929295e-05,4.309063729149654e-05,0.0005461509982867777,0.000495027445937261,0.004021047775931963,2.0521631881881e-06,0.0005752364816368261,0.00011168417795642838,0.0004424282748982716,0.3347415785800112,0.30223408108522964,-147700231.10223925,16074.408133268356
110,6.791222626174805e-05,4.258768065973862e-05,0.000546185640904698,0.0004952680569631704,0.004003730556792973,2.0873207135900275e-06,0.0005732358815773988,0.00011300214435279235,0.0004471820767992054,0.33088010251906685,0.29656749473554844,-147700220.91559815,16216.67528796196
111,6.889407399731763e-05,4.2306098968147e-05,0.0005466107407249787,0.0004956244084599625,0.004004062956152906,2.0227163020510958e-06,0.0005782120244371101,0.0001119425753087156,0.0004448581833840687,0.3269428279180752,0.2981666829597875,-147700235.9385016,16357.158874988556
112,6.892506060981261e-05,4.302897965404524e-05,0.0005467809301481804,0.0004950177322474991,0.004013971729797245,2.0645159477739457e-06,0.0005754309815365452,0.0001114239963971974,0.0004364535852431766,0.33842588403401075,0.3035411489970167,-147700234.97649708,16497.770527124405
113,6.876876409696543e-05,4.343459694465889e-05,0.0005468458303286257,0.0004956120033237771,0.004025763744050398,2.021797402968968e-06,0.0005760193577991354,0.00011147049114755652,0.000430166084618485,0.3435900717861858,0.3010642640060599,-147700235.43793413,16636.99761366844
114,6.820515470510723e-05,4.301268011523977e-05,0.0005465653519985973,0.000495734282902952,0.004046290504241164,2.1002586759257614e-06,0.0005755610034766695,0.00011116096271371388,0.0004365952360890379,0.336727262222091,0.2955162831728221,-147700218.83403876,16775.877998828888
115,6.75447912481757e-05,4.274466401587287e-05,0.0005467428618040077,0.0004963563331104363,0.004063428841228251,2.1668606441029047e-06,0.0005744911481261029,0.00011132753100521987,0.0004356385116243181,0.33585431884925787,0.287097122663007,-147700212.1472675,16913.774884700775
116,6.797183069469522e-05,4.24682394853032e-05,0.0005462501366435368,0.0004932173502257329,0.003979945556251816,2.075577933459547e-06,0.0005765005203345519,0.0001129953500642355,0.00045752922916099755,0.33141725099807584,0.2858419123316239,-147700229.00085425,17051.49258375168
117,6.772257946097507e-05,4.1552320966360204e-05,0.0005466563643033657,0.0004927483081151978,0.004052551769520511,2.1281798724770363e-06,0.000569215834165384,0.00011014146041784162,0.0004331352343698978,0.34359516942114954,0.3330338496852714,-147700210.93822607,17196.96859550476
118,6.688043779176086e-05,4.010716580046025e-05,0.0005469006788989897,0.0004907543426725168,0.0040789082973542515,2.200808635676289e-06,0.0005625289767351351,0.00010904829389415558,0.0004263457918075779,0.3501206725064623,0.3635593977329117,-147700205.83635473,17337.002459526062
119,6.76195455097272e-05,4.281113142047125e-05,0.0005468910370236228,0.0004946915500306538,0.004072242360795657,2.056719361050421e-06,0.000571978778723219,0.00011176506885687362,0.0004254719932501539,0.3509414657150425,0.3094989834860814,-147700211.4160516,17475.805054187775
120,6.743847174691692e-05,4.2135543303539137e-05,0.0005471232,0.0004943956250495266,0.004008197428730467,2.1012989722214472e-06,0.0005709679108054713,0.00011271819507556211,0.00043941520716125426,0.3341101201518102,0.3031336510818944,-147700203.6800002,17614.435317516327
121,6.664271096480637e-05,4.15545028624282e-05,0.0005471232,0.0004943424146181029,0.0039816137997829,2.1339072313118882e-06,0.0005678404490843956,0.0001141546192558116,0.0004418812122527944,0.32855879791698195,0.298744397187777,-147700204.86990073,17758.627764701843
122,6.712680272374488e-05,4.150244489093714e-05,0.0005471232,0.0004931718391778625,0.003995472579904858,2.129467374380994e-06,0.0005680972214164379,0.00011227482005222601,0.00044946066941993956,0.33965827874445625,0.292764948127027,-147700189.2034919,17902.272558689117
123,6.616577219441559e-05,4.042639675221066e-05,0.0005471232,0.0004919971664697374,0.003961232725725586,2.1830605802201803e-06,0.000562801040524112,0.0001130809866447423,0.0004608200235054138,0.3400823832466596,0.2794798536428964,-147700173.28114998,18040.208921432495
124,6.664867818239698e-05,4.1764349057490854e-05,0.0005471232,0.0004932924262288736,0.004007935858738904,2.1163639214304e-06,0.0005717826079317347,0.00011161997916174412,0.0004348612951479547,0.3503970660461059,0.30448928498035327,-147700196.56412625,18179.45045018196
125,6.741157838402627e-05,4.052694128524594e-05,0.0005464363375412075,0.0004964076722421555,0.004000912679116595,2.2205657780750367e-06,0.0005695193479111715,0.00011483522919579324,0.00044805552051994284,0.3193099716909148,0.2911012964143276,-147700192.7315428,18320.859738588333
126,6.624904540643527e-05,4.170038982804152e-05,0.0005469170871464521,0.0004929229112789612,0.00403525882177112,2.2127182235069345e-06,0.0005645618941091768,0.0001122914730178067,0.00043549442004110967,0.35035340981712343,0.3064468461441617,-147700167.61340943,18460.7609603405
127,6.492653111099409e-05,4.1397535257988794e-05,0.0005470702603571889,0.0004915721626884604,0.004050856754580227,2.3077191842348535e-06,0.0005577368289452101,0.00011246592187235226,0.00043081253836963016,0.3620587007666475,0.3105869277363488,-147700144.7108123,18601.129348278046
128,6.567576749115629e-05,4.020151699940781e-05,0.0005467228030025439,0.000492200799935998,0.004018120399424507,2.265622901001041e-06,0.0005634304645918924,0.00011294454458347408,0.00045030405585235606,0.33706409849091507,0.30528065850339636,-147700164.63043264,18740.16213464737
129,6.492869041128068e-05,4.0093050170996484e-05,0.0005467771346110552,0.000492282901501094,0.004030666717246249,2.2594692567828088e-06,0.0005618369286827275,0.00011326750264042897,0.0004465348226111516,0.34198068887161803,0.3031200479681452,-147700147.30252168,18879.924580812454
130,6.532862209305e-05,4.022193773713728e-05,0.0005471232,0.0004939133837547441,0.004073914920063395,2.2818420571559806e-06,0.000558101282311662,0.0001117456312599715,0.00042346019568426774,0.35090994697546973,0.323960763840178,-147700147.5228638,19020.02874159813
131,6.49184803135066e-05,3.967236148586526e-05,0.0005471232,0.0004916163727975926,0.004062890712844134,2.305466794037493e-06,0.0005586141757477718,0.00011151038004544723,0.00042949427875243475,0.355088885355643,0.31821577581891347,-147700128.12382445,19162.568383216858
132,6.342160733938587e-05,3.8214701898928584e-05,0.0005471232,0.0004897905307148036,0.004092470790869714,2.4145398342612256e-06,0.0005513033228329582,0.0001107644978917747,0.0004206503797290495,0.367193276773931,0.32903991636059593,-147700102.01343444,19302.54554080963
133,6.45362455254808e-05,3.8691748653922966e-05,0.0005471232,0.0004893343143965753,0.004008472782889122,2.2709594435534017e-06,0.0005531429409639506,0.00011308262373602968,0.0004383127290372732,0.35581266137539236,0.33531211038192543,-147700135.2666375,19445.638125419617
134,6.390089126679358e-05,3.787630256449763e-05,0.0005470446746874656,0.000490025054633798,0.003988064794611438,2.4200534688791542e-06,0.0005522306125924218,0.00011288464131694974,0.0004508139266454592,0.34161118644785327,0.31760354535809554,-147700108.38865697,19584.830295562744
135,6.409826325294769e-05,4.017465668706086e-05,0.0005470612138645488,0.0004938296641667133,0.003964881857554149,2.315826891199262e-06,0.0005598079847363763,0.0001162989339929031,0.00045438887987674103,0.34088480037305,0.2551875215885714,-147700118.62511596,19725.65025782585
136,6.293291866252451e-05,3.778975434462229e-05,0.0005468274225570927,0.0004900854798110103,0.004027717167782239,2.454341630831889e-06,0.0005493399731989314,0.0001132800762510131,0.00044404195047133494,0.3581271127679275,0.30689579014989365,-147700075.83836883,19868.48264861107
137,6.0680142120328305e-05,3.561685986516386e-05,0.0005466795338356391,0.00048793040719175224,0.004037477037308125,2.630862960137109e-06,0.0005385260043956615,0.00011356101683873861,0.00044635532212637533,0.3701356090759862,0.30877685968389335,-147700031.84367225,20009.53228211403
138,6.263752385212288e-05,3.7043223282974755e-05,0.0005467467559817544,0.0004902137660794596,0.004033349861150025,2.532821961387792e-06,0.0005424786208842913,0.00011473120810610282,0.0004506856855716199,0.3454289928790646,0.306319715288442,-147700081.80660075,20147.86333823204
139,6.100661373560206e-05,3.764722778207947e-05,0.0005471232,0.00048597235530932394,0.004046270710232955,2.4853939562545652e-06,0.0005398253850817853,0.00011149704514665538,0.00043796967202720935,0.3812650001775557,0.32247468910430666,-147700062.33805338,20286.280367136
140,6.131439111451938e-05,3.7242468865999974e-05,0.0005468031956982175,0.0004892874408707576,0.00410141211535258,2.577868858842946e-06,0.0005423663005702402,0.00011296329833441785,0.000421050559682065,0.367980337154701,0.3419133746869033,-147700081.8420806,20425.11441040039
141,6.101141829475378e-05,3.692933986727413e-05,0.0005471232,0.0004885541057562718,0.004059668390004217,2.5520785303969767e-06,0.0005379070284985229,0.00011310315016858491,0.0004262477098496152,0.37661975621295213,0.3227730636779501,-147700043.8150711,20574.17308115959
142,6.0573617547715294e-05,3.631026497138772e-05,0.0005468178125519763,0.00048586710775598487,0.004001283591172753,2.5849932784676725e-06,0.0005395645282672734,0.0001145488851118354,0.0004535983907750394,0.3674484184988488,0.303877012857127,-147700030.24306056,20716.34086418152
143,5.819611527504794e-05,3.4354428588512936e-05,0.0005466651188279646,0.0004818439697566051,0.003964967926727431,2.736568889123518e-06,0.0005302961512450792,0.00011595051203776736,0.0004686674883204251,0.37571765426053827,0.2938351373656014,-147699999.26383016,20857.333596229553
144,5.9749444659260476e-05,3.5395766795258774e-05,0.0005471232,0.000485599602419728,0.004032586559350111,2.694111466539155e-06,0.0005300941950893629,0.00011351483362180312,0.00043454788488620535,0.38251167030977695,0.32302956316506093,-147700010.63971692,20997.64373922348
145,5.881031551377734e-05,3.30000510786792e-05,0.000546860011078373,0.0004852244211835013,0.00400907466833793,2.7161146813242556e-06,0.0005291683613985446,0.0001145071256170527,0.0004509493230398314,0.36615238014986184,0.3178249807475323,-147699971.77427462,21142.471621990204
146,5.575220771516896e-05,2.88013089890244e-05,0.000546754886438965,0.00048205055043102187,0.0039881836252167804,2.9203124298689566e-06,0.0005148841276252118,0.0001155277274894029,0.000461017715374932,0.36819921984146897,0.32144400725312405,-147699906.4766095,21290.552805185318
147,5.760350331559757e-05,3.390757592549074e-05,0.0005467401053335556,0.0004861379487543765,0.004047769702270427,2.8709386013358084e-06,0.0005268061015000333,0.00011433498807217042,0.0004475773117063081,0.37465052108040353,0.2905783248058099,-147699965.58652797,21434.664650678635
148,5.6860620144976096e-05,3.1285198662976446e-05,0.000546743708099735,0.0004802441052729049,0.004106431144826542,2.927000555532957e-06,0.0005141407153209999,0.00011076159673880016,0.0004302626939267615,0.3957176040295375,0.3771376050932074,-147700023.7724439,21577.84115099907
149,5.577794283625429e-05,3.238517025799037e-05,0.0005467055260790492,0.0004822703603765667,0.004104769362353819,2.9149461754264838e-06,0.000514792651597423,0.0001137898813096354,0.00043010105939100726,0.4048287484241315,0.32554595582097634,-147699990.05135104,21720.787518024445
150,5.486746958127445e-05,3.098685607975249e-05,0.0005465510600536147,0.00048113758059769977,0.004002599470001743,3.0114427811653677e-06,0.0005090816374958803,0.00011646009444714873,0.00046198291170050014,0.38608947112536285,0.3134743192658178,-147699934.25775146,21863.32027864456
151,5.5802518254641844e-05,3.0821704969727e-05,0.000546825221510924,0.0004801588776648262,0.003975692210000542,2.9269453788240893e-06,0.0005119669028359874,0.0001148970751159112,0.00046902497756901853,0.38859498055744046,0.29543012359022214,-147699938.76170543,21998.8327562809
152,5.3236657226587257e-05,2.988976540488899e-05,0.0005468959276872361,0.0004774043909261908,0.004033271254903192,3.0436510794494783e-06,0.0005063069974222446,0.0001131593229823732,0.00044272426840626317,0.4189946862291454,0.3290438572253707,-147699919.47781017,22139.220518112183
153,5.345484797783268e-05,2.787531320084056e-05,0.0005464781614303063,0.00048008798999030233,0.004017986868487578,3.1925803797090528e-06,0.0005028659809230161,0.00011669571827558749,0.000456304754019593,0.39001862184912506,0.3140832776133359,-147699874.83992276,22282.857959985733
154,4.967896509894799e-05,2.4e-05,0.0005461556421454594,0.00047714580733079163,0.004003844947614889,3.546173591436296e-06,0.0004843862788436316,0.00011929505484005356,0.0004654722950157848,0.39439543268490973,0.30988757186785043,-147699822.19915518,22428.900299072266
155,5.13895973830799e-05,2.6242412048868784e-05,0.0005463022418203896,0.0004754320034659942,0.003994439471918257,3.3066403621192456e-06,0.0004950532921144799,0.00011621541410301594,0.0004751584589546724,0.3978958069904481,0.31144208634694703,-147699903.49284923,22568.354546546936
156,5.003168360527839e-05,2.585044699347086e-05,0.0005466773094365235,0.000473783264989467,0.004008805812725282,3.3507245509213197e-06,0.00048653018671167216,0.00011624016511727631,0.0004602877806466933,0.40942726283913444,0.3259228770070135,-147699850.93161488,22711.484751939774
157,5.260958075523101e-05,2.9193971528475436e-05,0.0005466010626882071,0.00048029486867496197,0.0039221016448248176,3.1316276819597186e-06,0.0005058953796755468,0.00012003568855875588,0.0004818395155226586,0.3863379331236916,0.2482503628547551,-147699890.72483462,22852.630459547043
158,4.8422599167486735e-05,2.4e-05,0.0005461266367312525,0.00047397487448363584,0.003975858064023922,3.4440651737572605e-06,0.00048554211528649004,0.00011846806166428974,0.00048615280286075157,0.4002395509914366,0.28876218654466423,-147699886.10873878,22989.550898075104
159,4.819892562305177e-05,2.4e-05,0.0005464868120675218,0.0004762997625516734,0.004045456721609601,3.530243439288121e-06,0.0004772030616837573,0.00011649011954405683,0.00045521234752477293,0.4114920937190205,0.31703425764940774,-147699836.44545913,23127.60519838333
160,4.923909493217224e-05,2.4e-05,0.0005464066386325235,0.00047478780869082216,0.0038980616350263596,3.463738382778182e-06,0.00048587209043801974,0.00011914170267844724,0.0004983444652057844,0.38359251688177054,0.28377585770829317,-147699881.2174071,23266.675770998
161,4.5892732928569805e-05,2.4e-05,0.0005463114290687386,0.0004688565584832753,0.003924651180977824,3.615527735312926e-06,0.0004664160930695886,0.00011947054402614436,0.0004900986044358432,0.4153965616439289,0.3175066765239112,-147699878.21130112,23404.579047441483
162,4.589193883933063e-05,2.4e-05,0.0005461328960836999,0.00047278066244890726,0.0039874484861526695,3.6847177499135237e-06,0.00047297332632156223,0.00011973999678426418,0.00047248250709437363,0.4063251169098899,0.31666879645471513,-147699822.12149346,23550.023857593536
163,4.0936649131675023e-05,2.4e-05,0.0005457867333700879,0.00046909155484094775,0.003993326624228733,4.063603935458241e-06,0.00045347653806434955,0.00012216145761844067,0.0004742112718570512,0.4151901850861146,0.3272881328869617,-147699826.10893133,23687.99591612816
164,4.51950728323446e-05,2.4e-05,0.0005463310277282976,0.0004702825198526168,0.003957786501815275,3.7226339782537287e-06,0.0004692934441754297,0.00011877332333250221,0.00048143359030723286,0.412509834666427,0.2992054148134644,-147699825.02662382,23825.92678117752
165,4.536377893353312e-05,2.4e-05,0.0005458834510112329,0.0004727208238743851,0.003913390216352385,3.813877116115844e-06,0.00046533834729509886,0.00012309482213366485,0.0005077302921289188,0.3784255556421503,0.2782107055062922,-147699905.0048726,23965.47017097473
166,4.0959423211926724e-05,2.4e-05,0.0005458660494544619,0.00046637835045016556,0.003944879044427089,4.099682072286709e-06,0.0004477528933957476,0.00012210225301650094,0.000497930040933702,0.43108035581176873,0.277949955160933,-147699896.64914638,24108.577343702316
167,5.054706004417958e-05,2.56885146492391e-05,0.0005467343209627811,0.0004745549000205806,0.004025397694759611,3.258081923525434e-06,0.0004941013184714329,0.00011435469126002738,0.0004494356003260395,0.43042762004192725,0.3211358477540633,-147699866.11368838,24247.875702619553
168,4.436805298756e-05,2.4e-05,0.0005463940899976953,0.00047168424707525977,0.003949977206983077,3.7564898705049767e-06,0.00046421328753513437,0.00012089578604649656,0.0004773305501132617,0.41687224379389837,0.2896669689874296,-147699806.75324926,24393.40595650673
169,4.085728078980004e-05,2.4e-05,0.0005464400140863482,0.00046981036887989254,0.003927746074515487,3.981414624697843e-06,0.00044879328524546165,0.00012323597201823684,0.00047841659569255643,0.4263604621956235,0.27877941030767084,-147699807.0108148,24533.342161893845
170,5.5417978027010116e-05,2.558780603112462e-05,0.0005469262897351201,0.0004817026085683784,0.004000464573120789,2.90104957819538e-06,0.0005145064851883006,0.00011478958950210164,0.0004508136061668795,0.38110440187841943,0.3252894663237158,-147699866.46043932,24672.157739162445
171,4.427843816948386e-05,2.4e-05,0.0005462504086917227,0.000468042043051476,0.004037489777867782,3.827180676928854e-06,0.0004579296544562749,0.00011590231776772777,0.00046126305714959913,0.42489527343099265,0.3689961683515228,-147699884.01346427,24816.34504675865
172,4.7711935939409434e-05,2.493213957706083e-05,0.00054674733864149,0.000473283340618773,0.003994939124822107,3.5844005493443283e-06,0.00047326247142165617,0.00011700344577190988,0.0004524243615003875,0.4154765141886215,0.34307234135376974,-147699834.35816273,24959.012429714203
173,5.248036925921698e-05,2.51016195001628e-05,0.0005467139175809774,0.0004801691352449868,0.003925570928606306,3.157143204793731e-06,0.0005036627171546679,0.00011976939476014136,0.00047570707163895585,0.38910829006863423,0.25812493645641077,-147699851.73010525,25097.330011606216
174,4.8109035101445835e-05,2.5301913954737853e-05,0.0005466135565398956,0.0004744017926154888,0.0040700007611895374,3.464840921129048e-06,0.0004789549405759501,0.00011664413568245716,0.00043450977384334717,0.4314139144700133,0.33868144323566174,-147699855.66298658,25235.511560201645
175,5.185836113648026e-05,2.5538625582872016e-05,0.0005467636983711635,0.00048134126721071095,0.004069838411640202,3.2856539660154167e-06,0.0005006907284000833,0.0001158014019086351,0.00043264857450556204,0.40252211567623386,0.3088005820039983,-147699823.52719596,25376.927160024643
176,4.1685912967034524e-05,2.4e-05,0.0005461192756386079,0.0004684295186969411,0.004006638444682584,4.070060193645698e-06,0.0004500883805016952,0.00012066632232477482,0.0004686308397451953,0.44070840522316423,0.29801981323697235,-147699830.64837825,25519.20852947235
177,4.494571329947504e-05,2.4e-05,0.0005461994179883702,0.0004744635215495316,0.003978294550302484,3.860660261064783e-06,0.000462491194860429,0.00012224878985134862,0.00047349888911679087,0.3932544207289722,0.297970516439881,-147699789.72037706,25658.435833215714
178,4.2145039927122776e-05,2.4e-05,0.0005459319665011648,0.000474417832314007,0.003954742978073921,4.1619494298344574e-06,0.00044668613305492706,0.00012619583914700927,0.0004855305335121666,0.37466782107249474,0.28638785078278983,-147699802.50621414,25800.560172319412
179,4.6808588823668646e-05,2.4e-05,0.0005462448844927967,0.00047462785239717664,0.003917017627347639,3.725868416176757e-06,0.00047464416444399876,0.00012097837345962636,0.0004955136456492002,0.3853300365297878,0.2730229342681406,-147699844.06821522,25939.35227704048
180,4.1406021859434174e-05,2.4e-05,0.0005460592447084091,0.0004678530037953495,0.004059892314247478,4.136970716399897e-06,0.0004446602873724321,0.00011807292869093946,0.0004579175431281815,0.4269487057422857,0.3562881679222516,-147699886.59820208,26082.183968305588
181,4.971178240927128e-05,2.4747228484327018e-05,0.0005465502493628353,0.00047709010238257746,0.003959151275016599,3.4021000826952727e-06,0.000488912109709109,0.00011934527824284088,0.00047125968951126224,0.39856839398704713,0.28266574432287095,-147699815.75802016,26227.65691947937
182,4.3796543659553274e-05,2.4e-05,0.0005460727510212832,0.0004748401172132529,0.0039676293323632865,3.952730376049388e-06,0.0004622258947240527,0.0001221667243566344,0.00047533172664127466,0.4046553931804968,0.2806252941563502,-147699780.5319411,26367.31645655632
183,4.067897368669073e-05,2.4e-05,0.0005457704718136631,0.0004753685433251458,0.003947041092182288,4.253733288613422e-06,0.000450073748730243,0.00012513000397631346,0.0004828536996385653,0.4022694583511779,0.2579765027310186,-147699769.19868425,26508.663531541824
184,4.5905162961712485e-05,2.4585089753501793e-05,0.0005464189191142586,0.00047413020088335597,0.004064876329529047,3.6735619421460726e-06,0.0004696445686801342,0.0001181833579264093,0.0004378040532731978,0.43183251436645975,0.3307895220702918,-147699828.32436877,26649.652547836304
185,4.409777840572221e-05,2.469146970868394e-05,0.0005461646473662127,0.00047206382497098323,0.003939968073070621,3.895244828645246e-06,0.00046571139998517145,0.0001229794733660429,0.0004749402069882477,0.40936871547676157,0.289279155856458,-147699797.03624266,26796.54728937149
186,4.392764853778507e-05,2.4e-05,0.0005457981769240123,0.0004748585167861035,0.003980490933176026,3.897604860280115e-06,0.0004682790681679119,0.0001235526976098504,0.000481821983101335,0.40427378615045884,0.25346049297076667,-147699805.5118618,26935.93657064438
187,5.036125979575098e-05,2.464771155079723e-05,0.0005463678583424226,0.00048088124745141944,0.003964037520314358,3.380589700821366e-06,0.0004947605568453667,0.00012041461656336284,0.00046801389455764343,0.37241741892087876,0.2904113264937085,-147699805.28143454,27078.930721998215
188,4.695220922544366e-05,2.4074007578621887e-05,0.0005460589310900747,0.0004764080282773799,0.0038980616350263596,3.7238202720801358e-06,0.00047977091196969716,0.00012330326435026537,0.0005043333794449947,0.370490565151114,0.25030012755555575,-147699863.78183693,27222.659152030945
189,4.616692452764528e-05,2.4457319209781817e-05,0.0005463289221082126,0.00047469965773186195,0.004020523573776727,3.6861265246295884e-06,0.00047217615450252496,0.00011946333453237331,0.000454436384816147,0.4164970270626233,0.31066717344160777,-147699795.45741776,27363.500076055527
190,4.783899966304803e-05,2.4742246279356732e-05,0.0005461464396360201,0.00048105882528616355,0.004005961874590168,3.668110517131725e-06,0.0004806461656247826,0.00012283875552596718,0.00045579525959439876,0.39053818892318237,0.2839681909265911,-147699767.47647634,27505.658298254013
191,4.916096307839974e-05,2.5113369419035105e-05,0.0005460541455898813,0.00048644697800293685,0.004030049560977616,3.640848786570723e-06,0.000486322526349459,0.00012487147162269964,0.00044297609423798166,0.37955236605156006,0.2763495789831545,-147699762.21344444,27648.23057627678
192,4.068527534835228e-05,2.4e-05,0.0005455847593965575,0.00047092838898120143,0.0038980616350263596,4.1696714058346404e-06,0.00044663648102728824,0.00012745978053420974,0.0005064580062565093,0.3963495897997986,0.26847284136863103,-147699862.56488582,27790.789887189865
193,4.906508968944827e-05,2.493554453564624e-05,0.000546468963627512,0.0004787380476533336,0.004024047715800436,3.5066583259702226e-06,0.0004871771665568846,0.00011871599656502876,0.00045110093244329886,0.4009789842071251,0.2987186468451565,-147699790.08412558,27933.288372516632
194,4.27530576750664e-05,2.4835025983322056e-05,0.0005462497831644527,0.000475413347101583,0.00395634232288564,3.9019671866926555e-06,0.0004634483647134223,0.00012386084428005952,0.0004710213107331076,0.40567328215879805,0.265355137864289,-147699758.3346724,28071.15322828293
195,3.929010396312561e-05,2.5252538974983088e-05,0.0005462968536739494,0.0004745471169869788,0.0039325910105210155,4.079863984320835e-06,0.0004529794076483177,0.00012614373900006248,0.00047379581859176897,0.4113122068957422,0.24308892086250822,-147699752.60491246,28207.685020446777
196,4.5339750320828304e-05,2.50627603424099e-05,0.0005463023396971666,0.000480099665535844,0.003962764697869376,3.835267798107665e-06,0.0004712260592949017,0.00012458021910235763,0.000464249882563136,0.39465034156760925,0.2451957540788412,-147699744.89026245,28345.434900522232
197,4.5063656061577133e-05,2.559414051361485e-05,0.0005463870615039,0.00048375916707931246,0.003950422803727729,3.910542822204735e-06,0.0004703524257815715,0.00012700033026140432,0.00046013357029751727,0.38881295389646886,0.20945923289090418,-147699737.58842376,28485.79202914238
198,4.0674792869488716e-05,2.446951586340794e-05,0.0005458553158982252,0.00047700278281976195,0.00398947491422565,4.210329599782184e-06,0.00045191278792053,0.00012636676528351968,0.0004634497693801119,0.4006333481103469,0.26588853140487334,-147699727.88364077,28629.662687540054
199,3.615629809959744e-05,2.4330659552948395e-05,0.0005455078491659201,0.00047695912303835413,0.004004636733830176,4.61444435832564e-06,0.00043341312702624055,0.00012987750880385905,0.0004595448093145367,0.40166582517199667,0.2574999249458745,-147699710.75798696,28769.84487247467
200,4.452547594793407e-05,2.5276864266452838e-05,0.0005458503405666783,0.0004833677064840059,0.004008587078049554,4.011931537030785e-06,0.00047101158091106927,0.00012644929798120264,0.0004541451377237988,0.37956469491769534,0.2530387532782138,-147699719.5440629,28916.95562148094
201,4.50745762904634e-05,2.5509021405807908e-05,0.0005464557379390283,0.0004817405621727808,0.003983181741833611,3.891603215755768e-06,0.0004674426207770477,0.00012431904103082193,0.0004446215510307189,0.38767059051881425,0.28916854935077607,-147699781.1473618,29066.93468785286
202,3.7679749849717925e-05,2.5017911646830794e-05,0.0005459020346290915,0.00047587407054771247,0.004003115922244234,4.501529923384408e-06,0.0004359942346326258,0.0001281670174350293,0.00045417648620587855,0.42230026167529167,0.2519917563473012,-147699725.94794798,29206.609736442566
203,4.277631695683682e-05,2.503350656860716e-05,0.0005460574978349156,0.0004853842649511904,0.004038666796610446,4.097108449149466e-06,0.000459640270519631,0.00012654535046307405,0.00044347495181484376,0.3877001553373235,0.2463443998010686,-147699707.65548238,29348.40695643425
204,4.211558623239413e-05,2.5204524998568773e-05,0.0005460039230692671,0.000492044484941294,0.004088016158380357,4.198040259401576e-06,0.0004566047057868608,0.0001283282890115896,0.0004277423242281418,0.3768658752676044,0.22487702177337388,-147699712.5795169,29490.76466012001
205,4.0090696731130395e-05,2.537241840547753e-05,0.0005458438732250437,0.00048469108804837137,0.00396141006369229,4.380950739441466e-06,0.00045089626436902407,0.00013134912855687105,0.00046198578616852556,0.37533604889231625,0.21326133246309353,-147699702.09849048,29628.795069217682
