-1,4.8e-05,4.8e-05,0.0005260800000000001,0.00047808000000000003,0.004341431884532756,1.6e-05,0.0004,0.0004,0.5,0.05,-14775273.984984132,0
0,4.124170992567745e-05,5.990023047164132e-05,0.0005143609185414305,3.309794851715566e-05,0.004092127822127746,1.8407224164389445e-05,0.0005343777278194177,0.000424733074746976,0.41585903937844454,0.05,-14776851.94957428,76.33113718032837
1,4.125170992567745e-05,5.990023047164132e-05,0.0005143609185414305,3.309794851715566e-05,0.004092127822127746,1.8407224164389445e-05,0.0005343777278194177,0.000424733074746976,0.41585903937844454,0.05,-14776851.91344866,152.44093942642212
2,4.124170992567745e-05,5.9910230471641325e-05,0.0005143609185414305,3.309794851715566e-05,0.004092127822127746,1.8407224164389445e-05,0.0005343777278194177,0.000424733074746976,0.41585903937844454,0.05,-14776851.923127161,227.787353515625
3,4.124170992567745e-05,5.990023047164132e-05,0.0005143709185414305,3.309794851715566e-05,0.004092127822127746,1.8407224164389445e-05,0.0005343777278194177,0.000424733074746976,0.41585903937844454,0.05,-14776851.95506649,302.97706747055054
4,4.124170992567745e-05,5.990023047164132e-05,0.0005143609185414305,3.310794851715566e-05,0.004092127822127746,1.8407224164389445e-05,0.0005343777278194177,0.000424733074746976,0.41585903937844454,0.05,-14776851.880529692,378.7367331981659
5,4.124170992567745e-05,5.990023047164132e-05,0.0005143609185414305,3.309794851715566e-05,0.004092137822127746,1.8407224164389445e-05,0.0005343777278194177,0.000424733074746976,0.41585903937844454,0.05,-14776851.930706173,453.0049877166748
6,4.124170992567745e-05,5.990023047164132e-05,0.0005143609185414305,3.309794851715566e-05,0.004092127822127746,1.8417224164389447e-05,0.0005343777278194177,0.000424733074746976,0.41585903937844454,0.05,-14776851.949444074,528.6943111419678
7,4.124170992567745e-05,5.990023047164132e-05,0.0005143609185414305,3.309794851715566e-05,0.004092127822127746,1.8407224164389445e-05,0.0005343877278194178,0.000424733074746976,0.41585903937844454,0.05,-14776851.95179969,603.379147529602
8,4.124170992567745e-05,5.990023047164132e-05,0.0005143609185414305,3.309794851715566e-05,0.004092127822127746,1.8407224164389445e-05,0.0005343777278194177,0.000424743074746976,0.41585903937844454,0.05,-14776851.875259642,678.7481334209442
9,4.124170992567745e-05,5.990023047164132e-05,0.0005143609185414305,3.309794851715566e-05,0.004092127822127746,1.8407224164389445e-05,0.0005343777278194177,0.000424733074746976,0.41585904937844453,0.05,-14776851.949585112,752.9427089691162
10,4.124170992567745e-05,5.990023047164132e-05,0.0005143609185414305,3.309794851715566e-05,0.004092127822127746,1.8407224164389445e-05,0.0005343777278194177,0.000424733074746976,0.41585903937844454,0.050000010000000004,-14776851.949574672,828.0729794502258
11,8.24834198513549e-05,0.00011980046094328265,0.00025718045927071524,6.619589703431132e-05,0.008184255644255492,2.995011523582066e-05,0.00026718886390970887,0.000849466149493952,0.08317180787568891,0.0001,-14798812.156541282,902.5117337703705
12,8.24734198513549e-05,0.00011980046094328265,0.00025718045927071524,6.619589703431132e-05,0.008184255644255492,2.995011523582066e-05,0.00026718886390970887,0.000849466149493952,0.08317180787568891,0.0001,-14798812.133093731,976.2292520999908
13,8.24834198513549e-05,0.00011979046094328265,0.00025718045927071524,6.619589703431132e-05,0.008184255644255492,2.995011523582066e-05,0.00026718886390970887,0.000849466149493952,0.08317180787568891,0.0001,-14798812.125221003,1051.155844449997
14,8.24834198513549e-05,0.00011980046094328265,0.00025719045927071523,6.619589703431132e-05,0.008184255644255492,2.995011523582066e-05,0.00026718886390970887,0.000849466149493952,0.08317180787568891,0.0001,-14798812.187165046,1126.032794713974
15,8.24834198513549e-05,0.00011980046094328265,0.00025718045927071524,6.618589703431132e-05,0.008184255644255492,2.995011523582066e-05,0.00026718886390970887,0.000849466149493952,0.08317180787568891,0.0001,-14798812.10287707,1200.5689086914062
16,8.24834198513549e-05,0.00011980046094328265,0.00025718045927071524,6.619589703431132e-05,0.008184245644255492,2.995011523582066e-05,0.00026718886390970887,0.000849466149493952,0.08317180787568891,0.0001,-14798812.06869249,1275.3874776363373
17,8.24834198513549e-05,0.00011980046094328265,0.00025718045927071524,6.619589703431132e-05,0.008184255644255492,2.994011523582066e-05,0.00026718886390970887,0.000849466149493952,0.08317180787568891,0.0001,-14798812.156541035,1349.7015614509583
18,8.24834198513549e-05,0.00011980046094328265,0.00025718045927071524,6.619589703431132e-05,0.008184255644255492,2.995011523582066e-05,0.00026719886390970887,0.000849466149493952,0.08317180787568891,0.0001,-14798812.155895272,1423.326340675354
19,8.24834198513549e-05,0.00011980046094328265,0.00025718045927071524,6.619589703431132e-05,0.008184255644255492,2.995011523582066e-05,0.00026718886390970887,0.000849456149493952,0.08317180787568891,0.0001,-14798811.976561122,1497.8867943286896
20,8.24834198513549e-05,0.00011980046094328265,0.00025718045927071524,6.619589703431132e-05,0.008184255644255492,2.995011523582066e-05,0.00026718886390970887,0.000849466149493952,0.0831718178756889,0.0001,-14798812.156504244,1572.6130657196045
21,8.24834198513549e-05,0.00011980046094328265,0.00025718045927071524,6.619589703431132e-05,0.008184255644255492,2.995011523582066e-05,0.00026718886390970887,0.000849466149493952,0.08317180787568891,0.00010001,-14798812.156541739,1646.764872789383
22,4.699343293630242e-05,6.825414049541003e-05,0.0004784935704577496,3.7713912123748957e-05,0.004662831262876613,2.0017038895745977e-05,0.0004971145702175213,0.00048396793682709254,0.36946123462631575,0.043040759494516245,-14776152.237633068,1721.3990879058838
23,4.700343293630242e-05,6.825414049541003e-05,0.0004784935704577496,3.7713912123748957e-05,0.004662831262876613,2.0017038895745977e-05,0.0004971145702175213,0.00048396793682709254,0.36946123462631575,0.043040759494516245,-14776152.215474265,1796.0407166481018
24,4.699343293630242e-05,6.826414049541002e-05,0.0004784935704577496,3.7713912123748957e-05,0.004662831262876613,2.0017038895745977e-05,0.0004971145702175213,0.00048396793682709254,0.36946123462631575,0.043040759494516245,-14776152.224995578,1869.3897669315338
25,4.699343293630242e-05,6.825414049541003e-05,0.0004785035704577496,3.7713912123748957e-05,0.004662831262876613,2.0017038895745977e-05,0.0004971145702175213,0.00048396793682709254,0.36946123462631575,0.043040759494516245,-14776152.249976693,1943.7019789218903
26,4.699343293630242e-05,6.825414049541003e-05,0.0004784935704577496,3.772391212374896e-05,0.004662831262876613,2.0017038895745977e-05,0.0004971145702175213,0.00048396793682709254,0.36946123462631575,0.043040759494516245,-14776152.196958814,2018.9155578613281
27,4.699343293630242e-05,6.825414049541003e-05,0.0004784935704577496,3.7713912123748957e-05,0.004662841262876613,2.0017038895745977e-05,0.0004971145702175213,0.00048396793682709254,0.36946123462631575,0.043040759494516245,-14776152.244652862,2094.4752535820007
28,4.699343293630242e-05,6.825414049541003e-05,0.0004784935704577496,3.7713912123748957e-05,0.004662831262876613,2.002703889574598e-05,0.0004971145702175213,0.00048396793682709254,0.36946123462631575,0.043040759494516245,-14776152.237524176,2169.777013540268
29,4.699343293630242e-05,6.825414049541003e-05,0.0004784935704577496,3.7713912123748957e-05,0.004662831262876613,2.0017038895745977e-05,0.0004971245702175214,0.00048396793682709254,0.36946123462631575,0.043040759494516245,-14776152.239622554,2244.3966681957245
30,4.699343293630242e-05,6.825414049541003e-05,0.0004784935704577496,3.7713912123748957e-05,0.004662831262876613,2.0017038895745977e-05,0.0004971145702175213,0.00048397793682709254,0.36946123462631575,0.043040759494516245,-14776152.226186123,2318.630863904953
31,4.699343293630242e-05,6.825414049541003e-05,0.0004784935704577496,3.7713912123748957e-05,0.004662831262876613,2.0017038895745977e-05,0.0004971145702175213,0.00048396793682709254,0.36946124462631574,0.043040759494516245,-14776152.237642879,2393.667354106903
32,4.699343293630242e-05,6.825414049541003e-05,0.0004784935704577496,3.7713912123748957e-05,0.004662831262876613,2.0017038895745977e-05,0.0004971145702175213,0.00048396793682709254,0.36946123462631575,0.04304076949451625,-14776152.237633517,2467.6180176734924
33,8.24834198513549e-05,0.00011024086583260154,0.0004558850739167235,6.619589703431132e-05,0.004425399394886103,1.973748254291616e-05,0.0005053692997790677,0.000520217943063523,0.3877250140227615,0.04578016038898122,-14775788.51559282,2542.862003803253
34,8.24734198513549e-05,0.00011024086583260154,0.0004558850739167235,6.619589703431132e-05,0.004425399394886103,1.973748254291616e-05,0.0005053692997790677,0.000520217943063523,0.3877250140227615,0.04578016038898122,-14775788.531104691,2616.8163068294525
35,8.24834198513549e-05,0.00011025086583260153,0.0004558850739167235,6.619589703431132e-05,0.004425399394886103,1.973748254291616e-05,0.0005053692997790677,0.000520217943063523,0.3877250140227615,0.04578016038898122,-14775788.510824999,2690.682871580124
36,8.24834198513549e-05,0.00011024086583260154,0.0004558950739167235,6.619589703431132e-05,0.004425399394886103,1.973748254291616e-05,0.0005053692997790677,0.000520217943063523,0.3877250140227615,0.04578016038898122,-14775788.52359927,2764.8925545215607
37,8.24834198513549e-05,0.00011024086583260154,0.0004558850739167235,6.618589703431132e-05,0.004425399394886103,1.973748254291616e-05,0.0005053692997790677,0.000520217943063523,0.3877250140227615,0.04578016038898122,-14775788.550490621,2838.918883562088
38,8.24834198513549e-05,0.00011024086583260154,0.0004558850739167235,6.619589703431132e-05,0.004425409394886103,1.973748254291616e-05,0.0005053692997790677,0.000520217943063523,0.3877250140227615,0.04578016038898122,-14775788.51790366,2913.7894423007965
39,8.24834198513549e-05,0.00011024086583260154,0.0004558850739167235,6.619589703431132e-05,0.004425399394886103,1.974748254291616e-05,0.0005053692997790677,0.000520217943063523,0.3877250140227615,0.04578016038898122,-14775788.514588153,2987.775636434555
40,8.24834198513549e-05,0.00011024086583260154,0.0004558850739167235,6.619589703431132e-05,0.004425399394886103,1.973748254291616e-05,0.0005053792997790677,0.000520217943063523,0.3877250140227615,0.04578016038898122,-14775788.517845366,3062.06822681427
41,8.24834198513549e-05,0.00011024086583260154,0.0004558850739167235,6.619589703431132e-05,0.004425399394886103,1.973748254291616e-05,0.0005053692997790677,0.0005202279430635231,0.3877250140227615,0.04578016038898122,-14775788.506202385,3136.3117532730103
42,8.24834198513549e-05,0.00011024086583260154,0.0004558850739167235,6.619589703431132e-05,0.004425399394886103,1.973748254291616e-05,0.0005053692997790677,0.000520217943063523,0.3877250240227615,0.04578016038898122,-14775788.515599603,3211.1722626686096
43,8.24834198513549e-05,0.00011024086583260154,0.0004558850739167235,6.619589703431132e-05,0.004425399394886103,1.973748254291616e-05,0.0005053692997790677,0.000520217943063523,0.3877250140227615,0.045780170388981224,-14775788.515593706,3285.7843055725098
44,8.24834198513549e-05,0.00011980046094328265,0.0003746685351589361,6.619589703431132e-05,0.004261777751834175,2.995011523582066e-05,0.00048383835978842957,0.0005889911698795155,0.3991667958506692,0.04749631930707585,-14775677.641021878,3362.2879366874695
45,8.24734198513549e-05,0.00011980046094328265,0.0003746685351589361,6.619589703431132e-05,0.004261777751834175,2.995011523582066e-05,0.00048383835978842957,0.0005889911698795155,0.3991667958506692,0.04749631930707585,-14775677.655768963,3437.329519033432
46,8.24834198513549e-05,0.00011979046094328265,0.0003746685351589361,6.619589703431132e-05,0.004261777751834175,2.995011523582066e-05,0.00048383835978842957,0.0005889911698795155,0.3991667958506692,0.04749631930707585,-14775677.641836738,3511.566806793213
47,8.24834198513549e-05,0.00011980046094328265,0.0003746785351589361,6.619589703431132e-05,0.004261777751834175,2.995011523582066e-05,0.00048383835978842957,0.0005889911698795155,0.3991667958506692,0.04749631930707585,-14775677.64271931,3586.446038246155
48,8.24834198513549e-05,0.00011980046094328265,0.0003746685351589361,6.618589703431132e-05,0.004261777751834175,2.995011523582066e-05,0.00048383835978842957,0.0005889911698795155,0.3991667958506692,0.04749631930707585,-14775677.672710957,3661.4592344760895
49,8.24834198513549e-05,0.00011980046094328265,0.0003746685351589361,6.619589703431132e-05,0.004261787751834175,2.995011523582066e-05,0.00048383835978842957,0.0005889911698795155,0.3991667958506692,0.04749631930707585,-14775677.641166316,3736.171500682831
50,8.24834198513549e-05,0.00011980046094328265,0.0003746685351589361,6.619589703431132e-05,0.004261777751834175,2.994011523582066e-05,0.00048383835978842957,0.0005889911698795155,0.3991667958506692,0.04749631930707585,-14775677.642028872,3810.8423149585724
51,8.24834198513549e-05,0.00011980046094328265,0.0003746685351589361,6.619589703431132e-05,0.004261777751834175,2.995011523582066e-05,0.00048384835978842957,0.0005889911698795155,0.3991667958506692,0.04749631930707585,-14775677.643468646,3885.216670036316
52,8.24834198513549e-05,0.00011980046094328265,0.0003746685351589361,6.619589703431132e-05,0.004261777751834175,2.995011523582066e-05,0.00048383835978842957,0.0005890011698795155,0.3991667958506692,0.04749631930707585,-14775677.63531345,3960.805494070053
53,8.24834198513549e-05,0.00011980046094328265,0.0003746685351589361,6.619589703431132e-05,0.004261777751834175,2.995011523582066e-05,0.00048383835978842957,0.0005889911698795155,0.3991668058506692,0.04749631930707585,-14775677.641028814,4034.4447858333588
54,8.24834198513549e-05,0.00011980046094328265,0.0003746685351589361,6.619589703431132e-05,0.004261777751834175,2.995011523582066e-05,0.00048383835978842957,0.0005889911698795155,0.3991667958506692,0.047496329307075855,-14775677.641023003,4110.951171636581
55,8.24834198513549e-05,0.00011980046094328265,0.000338823601425726,6.619589703431132e-05,0.004195118402608941,2.995011523582066e-05,0.00043607562962538255,0.0006372971278769971,0.402741893865871,0.04803254752779248,-14775648.055642603,4185.7544803619385
56,8.24734198513549e-05,0.00011980046094328265,0.000338823601425726,6.619589703431132e-05,0.004195118402608941,2.995011523582066e-05,0.00043607562962538255,0.0006372971278769971,0.402741893865871,0.04803254752779248,-14775648.069430586,4261.099616765976
57,8.24834198513549e-05,0.00011979046094328265,0.000338823601425726,6.619589703431132e-05,0.004195118402608941,2.995011523582066e-05,0.00043607562962538255,0.0006372971278769971,0.402741893865871,0.04803254752779248,-14775648.05555673,4335.708143234253
58,8.24834198513549e-05,0.00011980046094328265,0.000338833601425726,6.619589703431132e-05,0.004195118402608941,2.995011523582066e-05,0.00043607562962538255,0.0006372971278769971,0.402741893865871,0.04803254752779248,-14775648.055150798,4409.815150976181
59,8.24834198513549e-05,0.00011980046094328265,0.000338823601425726,6.618589703431132e-05,0.004195118402608941,2.995011523582066e-05,0.00043607562962538255,0.0006372971278769971,0.402741893865871,0.04803254752779248,-14775648.084945157,4486.032573461533
60,8.24834198513549e-05,0.00011980046094328265,0.000338823601425726,6.619589703431132e-05,0.004195128402608941,2.995011523582066e-05,0.00043607562962538255,0.0006372971278769971,0.402741893865871,0.04803254752779248,-14775648.056254445,4562.152852535248
61,8.24834198513549e-05,0.00011980046094328265,0.000338823601425726,6.619589703431132e-05,0.004195118402608941,2.994011523582066e-05,0.00043607562962538255,0.0006372971278769971,0.402741893865871,0.04803254752779248,-14775648.056597387,4636.171827077866
62,8.24834198513549e-05,0.00011980046094328265,0.000338823601425726,6.619589703431132e-05,0.004195118402608941,2.995011523582066e-05,0.00043608562962538255,0.0006372971278769971,0.402741893865871,0.04803254752779248,-14775648.05834352,4710.287594079971
63,8.24834198513549e-05,0.00011980046094328265,0.000338823601425726,6.619589703431132e-05,0.004195118402608941,2.995011523582066e-05,0.00043607562962538255,0.0006373071278769971,0.402741893865871,0.04803254752779248,-14775648.054959543,4786.753689289093
64,8.24834198513549e-05,0.00011980046094328265,0.000338823601425726,6.619589703431132e-05,0.004195118402608941,2.995011523582066e-05,0.00043607562962538255,0.0006372971278769971,0.402741903865871,0.04803254752779248,-14775648.055649428,4860.729759216309
65,8.24834198513549e-05,0.00011980046094328265,0.000338823601425726,6.619589703431132e-05,0.004195118402608941,2.995011523582066e-05,0.00043607562962538255,0.0006372971278769971,0.402741893865871,0.04803255752779248,-14775648.055643871,4936.11513209343
66,8.24834198513549e-05,0.00011980046094328265,0.0003231625407887829,6.619589703431132e-05,0.00414227012752293,2.995011523582066e-05,0.00037423476804707205,0.0006702712277974535,0.4051688695425319,0.04839656636228031,-14775632.001038956,5009.889395713806
67,8.24734198513549e-05,0.00011980046094328265,0.0003231625407887829,6.619589703431132e-05,0.00414227012752293,2.995011523582066e-05,0.00037423476804707205,0.0006702712277974535,0.4051688695425319,0.04839656636228031,-14775632.014886135,5086.01894569397
68,8.24834198513549e-05,0.00011979046094328265,0.0003231625407887829,6.619589703431132e-05,0.00414227012752293,2.995011523582066e-05,0.00037423476804707205,0.0006702712277974535,0.4051688695425319,0.04839656636228031,-14775632.000990745,5161.122026443481
69,8.24834198513549e-05,0.00011980046094328265,0.0003231725407887829,6.619589703431132e-05,0.00414227012752293,2.995011523582066e-05,0.00037423476804707205,0.0006702712277974535,0.4051688695425319,0.04839656636228031,-14775631.999708094,5236.236519575119
70,8.24834198513549e-05,0.00011980046094328265,0.0003231625407887829,6.618589703431132e-05,0.00414227012752293,2.995011523582066e-05,0.00037423476804707205,0.0006702712277974535,0.4051688695425319,0.04839656636228031,-14775632.029289195,5310.9885132312775
71,8.24834198513549e-05,0.00011980046094328265,0.0003231625407887829,6.619589703431132e-05,0.00414228012752293,2.995011523582066e-05,0.00037423476804707205,0.0006702712277974535,0.4051688695425319,0.04839656636228031,-14775632.001857812,5385.725931406021
72,8.24834198513549e-05,0.00011980046094328265,0.0003231625407887829,6.619589703431132e-05,0.00414227012752293,2.994011523582066e-05,0.00037423476804707205,0.0006702712277974535,0.4051688695425319,0.04839656636228031,-14775632.001936145,5460.901708126068
73,8.24834198513549e-05,0.00011980046094328265,0.0003231625407887829,6.619589703431132e-05,0.00414227012752293,2.995011523582066e-05,0.00037424476804707204,0.0006702712277974535,0.4051688695425319,0.04839656636228031,-14775632.004104206,5535.724676370621
74,8.24834198513549e-05,0.00011980046094328265,0.0003231625407887829,6.619589703431132e-05,0.00414227012752293,2.995011523582066e-05,0.00037423476804707205,0.0006702812277974535,0.4051688695425319,0.04839656636228031,-14775632.003155654,5611.040347576141
75,8.24834198513549e-05,0.00011980046094328265,0.0003231625407887829,6.619589703431132e-05,0.00414227012752293,2.995011523582066e-05,0.00037423476804707205,0.0006702712277974535,0.4051688795425319,0.04839656636228031,-14775632.001045559,5685.420236825943
76,8.24834198513549e-05,0.00011980046094328265,0.0003231625407887829,6.619589703431132e-05,0.00414227012752293,2.995011523582066e-05,0.00037423476804707205,0.0006702712277974535,0.4051688695425319,0.048396576362280314,-14775632.001040284,5760.2416253089905
77,8.24834198513549e-05,0.00011980046094328265,0.0002963297546570449,6.619589703431132e-05,0.004011285982777156,2.995011523582066e-05,0.00026718886390970887,0.0007452126747883169,0.41006215630209303,0.049130496053007316,-14775626.32554336,5834.84347820282
78,8.24734198513549e-05,0.00011980046094328265,0.0002963297546570449,6.619589703431132e-05,0.004011285982777156,2.995011523582066e-05,0.00026718886390970887,0.0007452126747883169,0.41006215630209303,0.049130496053007316,-14775626.340024997,5909.752571582794
79,8.24834198513549e-05,0.00011979046094328265,0.0002963297546570449,6.619589703431132e-05,0.004011285982777156,2.995011523582066e-05,0.00026718886390970887,0.0007452126747883169,0.41006215630209303,0.049130496053007316,-14775626.326018348,5983.899731397629
80,8.24834198513549e-05,0.00011980046094328265,0.00029633975465704487,6.619589703431132e-05,0.004011285982777156,2.995011523582066e-05,0.00026718886390970887,0.0007452126747883169,0.41006215630209303,0.049130496053007316,-14775626.322761867,6057.831263780594
81,8.24834198513549e-05,0.00011980046094328265,0.0002963297546570449,6.618589703431132e-05,0.004011285982777156,2.995011523582066e-05,0.00026718886390970887,0.0007452126747883169,0.41006215630209303,0.049130496053007316,-14775626.351382406,6131.560666322708
82,8.24834198513549e-05,0.00011980046094328265,0.0002963297546570449,6.619589703431132e-05,0.004011295982777156,2.995011523582066e-05,0.00026718886390970887,0.0007452126747883169,0.41006215630209303,0.049130496053007316,-14775626.326624805,6205.145609378815
83,8.24834198513549e-05,0.00011980046094328265,0.0002963297546570449,6.619589703431132e-05,0.004011285982777156,2.994011523582066e-05,0.00026718886390970887,0.0007452126747883169,0.41006215630209303,0.049130496053007316,-14775626.326296376,6279.48109126091
84,8.24834198513549e-05,0.00011980046094328265,0.0002963297546570449,6.619589703431132e-05,0.004011285982777156,2.995011523582066e-05,0.00026719886390970887,0.0007452126747883169,0.41006215630209303,0.049130496053007316,-14775626.329263888,6353.572561740875
85,8.24834198513549e-05,0.00011980046094328265,0.0002963297546570449,6.619589703431132e-05,0.004011285982777156,2.995011523582066e-05,0.00026718886390970887,0.0007452226747883169,0.41006215630209303,0.049130496053007316,-14775626.332378464,6427.7487733364105
86,8.24834198513549e-05,0.00011980046094328265,0.0002963297546570449,6.619589703431132e-05,0.004011285982777156,2.995011523582066e-05,0.00026718886390970887,0.0007452126747883169,0.410062166302093,0.049130496053007316,-14775626.325549757,6502.529900789261
87,8.24834198513549e-05,0.00011980046094328265,0.0002963297546570449,6.619589703431132e-05,0.004011285982777156,2.995011523582066e-05,0.00026718886390970887,0.0007452126747883169,0.41006215630209303,0.04913050605300732,-14775626.325544886,6576.592867851257
88,8.24834198513549e-05,0.00011980046094328265,0.00031560281523155593,6.619589703431132e-05,0.004075388806828507,2.995011523582066e-05,0.00026718886390970887,0.0007059730804083671,0.40718665745117544,0.0486992038421055,-14775604.314404279,6653.395058631897
89,8.24734198513549e-05,0.00011980046094328265,0.00031560281523155593,6.619589703431132e-05,0.004075388806828507,2.995011523582066e-05,0.00026718886390970887,0.0007059730804083671,0.40718665745117544,0.0486992038421055,-14775604.32949958,6727.506936788559
90,8.24834198513549e-05,0.00011979046094328265,0.00031560281523155593,6.619589703431132e-05,0.004075388806828507,2.995011523582066e-05,0.00026718886390970887,0.0007059730804083671,0.40718665745117544,0.0486992038421055,-14775604.315462334,6802.458896398544
91,8.24834198513549e-05,0.00011980046094328265,0.0003156128152315559,6.619589703431132e-05,0.004075388806828507,2.995011523582066e-05,0.00026718886390970887,0.0007059730804083671,0.40718665745117544,0.0486992038421055,-14775604.31293843,6876.176815032959
92,8.24834198513549e-05,0.00011980046094328265,0.00031560281523155593,6.618589703431132e-05,0.004075388806828507,2.995011523582066e-05,0.00026718886390970887,0.0007059730804083671,0.40718665745117544,0.0486992038421055,-14775604.341363024,6950.284843444824
93,8.24834198513549e-05,0.00011980046094328265,0.00031560281523155593,6.619589703431132e-05,0.004075398806828507,2.995011523582066e-05,0.00026718886390970887,0.0007059730804083671,0.40718665745117544,0.0486992038421055,-14775604.31527222,7024.390937328339
94,8.24834198513549e-05,0.00011980046094328265,0.00031560281523155593,6.619589703431132e-05,0.004075388806828507,2.994011523582066e-05,0.00026718886390970887,0.0007059730804083671,0.40718665745117544,0.0486992038421055,-14775604.315177698,7101.171156167984
95,8.24834198513549e-05,0.00011980046094328265,0.00031560281523155593,6.619589703431132e-05,0.004075388806828507,2.995011523582066e-05,0.00026719886390970887,0.0007059730804083671,0.40718665745117544,0.0486992038421055,-14775604.318102961,7176.056988239288
96,8.24834198513549e-05,0.00011980046094328265,0.00031560281523155593,6.619589703431132e-05,0.004075388806828507,2.995011523582066e-05,0.00026718886390970887,0.0007059830804083671,0.40718665745117544,0.0486992038421055,-14775604.318917744,7250.545831918716
97,8.24834198513549e-05,0.00011980046094328265,0.00031560281523155593,6.619589703431132e-05,0.004075388806828507,2.995011523582066e-05,0.00026718886390970887,0.0007059730804083671,0.40718666745117543,0.0486992038421055,-14775604.314409912,7324.807924985886
98,8.24834198513549e-05,0.00011980046094328265,0.00031560281523155593,6.619589703431132e-05,0.004075388806828507,2.995011523582066e-05,0.00026718886390970887,0.0007059730804083671,0.40718665745117544,0.0486992138421055,-14775604.31440584,7399.22171497345
99,8.24834198513549e-05,0.00011980046094328265,0.00033920698104410516,6.619589703431132e-05,0.004183497373286159,2.995011523582066e-05,0.00026718886390970887,0.0006394076371186144,0.4018114997169731,0.047892978738982066,-14775592.551697649,7472.598970413208
100,8.24734198513549e-05,0.00011980046094328265,0.00033920698104410516,6.619589703431132e-05,0.004183497373286159,2.995011523582066e-05,0.00026718886390970887,0.0006394076371186144,0.4018114997169731,0.047892978738982066,-14775592.567972932,7547.67101931572
101,8.24834198513549e-05,0.00011979046094328265,0.00033920698104410516,6.619589703431132e-05,0.004183497373286159,2.995011523582066e-05,0.00026718886390970887,0.0006394076371186144,0.4018114997169731,0.047892978738982066,-14775592.553826636,7622.523473978043
102,8.24834198513549e-05,0.00011980046094328265,0.00033921698104410515,6.619589703431132e-05,0.004183497373286159,2.995011523582066e-05,0.00026718886390970887,0.0006394076371186144,0.4018114997169731,0.047892978738982066,-14775592.551481219,7697.735609769821
103,8.24834198513549e-05,0.00011980046094328265,0.00033920698104410516,6.618589703431132e-05,0.004183497373286159,2.995011523582066e-05,0.00026718886390970887,0.0006394076371186144,0.4018114997169731,0.047892978738982066,-14775592.580721216,7773.278156757355
104,8.24834198513549e-05,0.00011980046094328265,0.00033920698104410516,6.619589703431132e-05,0.004183507373286159,2.995011523582066e-05,0.00026718886390970887,0.0006394076371186144,0.4018114997169731,0.047892978738982066,-14775592.552091163,7847.802273750305
105,8.24834198513549e-05,0.00011980046094328265,0.00033920698104410516,6.619589703431132e-05,0.004183497373286159,2.994011523582066e-05,0.00026718886390970887,0.0006394076371186144,0.4018114997169731,0.047892978738982066,-14775592.552507471,7921.683425664902
106,8.24834198513549e-05,0.00011980046094328265,0.00033920698104410516,6.619589703431132e-05,0.004183497373286159,2.995011523582066e-05,0.00026719886390970887,0.0006394076371186144,0.4018114997169731,0.047892978738982066,-14775592.555419827,7995.572756767273
107,8.24834198513549e-05,0.00011980046094328265,0.00033920698104410516,6.619589703431132e-05,0.004183497373286159,2.995011523582066e-05,0.00026718886390970887,0.0006394176371186145,0.4018114997169731,0.047892978738982066,-14775592.551029503,8070.103204488754
108,8.24834198513549e-05,0.00011980046094328265,0.00033920698104410516,6.619589703431132e-05,0.004183497373286159,2.995011523582066e-05,0.00026718886390970887,0.0006394076371186144,0.4018115097169731,0.047892978738982066,-14775592.551703142,8145.526170730591
109,8.24834198513549e-05,0.00011980046094328265,0.00033920698104410516,6.619589703431132e-05,0.004183497373286159,2.995011523582066e-05,0.00026718886390970887,0.0006394076371186144,0.4018114997169731,0.04789298873898207,-14775592.551699106,8219.46475481987
110,8.24834198513549e-05,0.00011980046094328265,0.0003387712899451221,6.619589703431132e-05,0.004162879199957798,2.995011523582066e-05,0.00026718886390970887,0.0006510522478145336,0.40251196312372267,0.0479980355446258,-14775591.878376901,8295.027755498886
111,8.24734198513549e-05,0.00011980046094328265,0.0003387712899451221,6.619589703431132e-05,0.004162879199957798,2.995011523582066e-05,0.00026718886390970887,0.0006510522478145336,0.40251196312372267,0.0479980355446258,-14775591.894462734,8368.710413455963
112,8.24834198513549e-05,0.00011979046094328265,0.0003387712899451221,6.619589703431132e-05,0.004162879199957798,2.995011523582066e-05,0.00026718886390970887,0.0006510522478145336,0.40251196312372267,0.0479980355446258,-14775591.880348725,8443.190177679062
113,8.24834198513549e-05,0.00011980046094328265,0.0003387812899451221,6.619589703431132e-05,0.004162879199957798,2.995011523582066e-05,0.00026718886390970887,0.0006510522478145336,0.40251196312372267,0.0479980355446258,-14775591.878259668,8518.62480521202
114,8.24834198513549e-05,0.00011980046094328265,0.0003387712899451221,6.618589703431132e-05,0.004162879199957798,2.995011523582066e-05,0.00026718886390970887,0.0006510522478145336,0.40251196312372267,0.0479980355446258,-14775591.907092368,8594.029644727707
115,8.24834198513549e-05,0.00011980046094328265,0.0003387712899451221,6.619589703431132e-05,0.004162889199957798,2.995011523582066e-05,0.00026718886390970887,0.0006510522478145336,0.40251196312372267,0.0479980355446258,-14775591.878837656,8669.513347864151
116,8.24834198513549e-05,0.00011980046094328265,0.0003387712899451221,6.619589703431132e-05,0.004162879199957798,2.994011523582066e-05,0.00026718886390970887,0.0006510522478145336,0.40251196312372267,0.0479980355446258,-14775591.879181404,8744.071120738983
117,8.24834198513549e-05,0.00011980046094328265,0.0003387712899451221,6.619589703431132e-05,0.004162879199957798,2.995011523582066e-05,0.00026719886390970887,0.0006510522478145336,0.40251196312372267,0.0479980355446258,-14775591.88207881,8819.35797572136
118,8.24834198513549e-05,0.00011980046094328265,0.0003387712899451221,6.619589703431132e-05,0.004162879199957798,2.995011523582066e-05,0.00026718886390970887,0.0006510622478145336,0.40251196312372267,0.0479980355446258,-14775591.878718955,8894.245411396027
119,8.24834198513549e-05,0.00011980046094328265,0.0003387712899451221,6.619589703431132e-05,0.004162879199957798,2.995011523582066e-05,0.00026718886390970887,0.0006510522478145336,0.40251197312372267,0.0479980355446258,-14775591.878382213,8969.044767141342
120,8.24834198513549e-05,0.00011980046094328265,0.0003387712899451221,6.619589703431132e-05,0.004162879199957798,2.995011523582066e-05,0.00026718886390970887,0.0006510522478145336,0.40251196312372267,0.0479980455446258,-14775591.878378378,9043.360896348953
121,8.24834198513549e-05,0.00011980046094328265,0.0003395039847234949,6.619589703431132e-05,0.004159181894287705,2.995011523582066e-05,0.00026718886390970887,0.0006527434776385685,0.40219108490873756,0.047949898056101545,-14775591.592212688,9117.700040340424
122,8.24734198513549e-05,0.00011980046094328265,0.0003395039847234949,6.619589703431132e-05,0.004159181894287705,2.995011523582066e-05,0.00026718886390970887,0.0006527434776385685,0.40219108490873756,0.047949898056101545,-14775591.608282797,9191.054101467133
123,8.24834198513549e-05,0.00011979046094328265,0.0003395039847234949,6.619589703431132e-05,0.004159181894287705,2.995011523582066e-05,0.00026718886390970887,0.0006527434776385685,0.40219108490873756,0.047949898056101545,-14775591.594176315,9265.801862478256
124,8.24834198513549e-05,0.00011980046094328265,0.0003395139847234949,6.619589703431132e-05,0.004159181894287705,2.995011523582066e-05,0.00026718886390970887,0.0006527434776385685,0.40219108490873756,0.047949898056101545,-14775591.592173377,9340.760809898376
125,8.24834198513549e-05,0.00011980046094328265,0.0003395039847234949,6.618589703431132e-05,0.004159181894287705,2.995011523582066e-05,0.00026718886390970887,0.0006527434776385685,0.40219108490873756,0.047949898056101545,-14775591.620899502,9414.890628099442
126,8.24834198513549e-05,0.00011980046094328265,0.0003395039847234949,6.619589703431132e-05,0.004159191894287705,2.995011523582066e-05,0.00026718886390970887,0.0006527434776385685,0.40219108490873756,0.047949898056101545,-14775591.592670856,9489.376921892166
127,8.24834198513549e-05,0.00011980046094328265,0.0003395039847234949,6.619589703431132e-05,0.004159181894287705,2.994011523582066e-05,0.00026718886390970887,0.0006527434776385685,0.40219108490873756,0.047949898056101545,-14775591.593017701,9564.029548883438
128,8.24834198513549e-05,0.00011980046094328265,0.0003395039847234949,6.619589703431132e-05,0.004159181894287705,2.995011523582066e-05,0.00026719886390970887,0.0006527434776385685,0.40219108490873756,0.047949898056101545,-14775591.595907561,9638.16168475151
129,8.24834198513549e-05,0.00011980046094328265,0.0003395039847234949,6.619589703431132e-05,0.004159181894287705,2.995011523582066e-05,0.00026718886390970887,0.0006527534776385685,0.40219108490873756,0.047949898056101545,-14775591.592676798,9712.089148759842
130,8.24834198513549e-05,0.00011980046094328265,0.0003395039847234949,6.619589703431132e-05,0.004159181894287705,2.995011523582066e-05,0.00026718886390970887,0.0006527434776385685,0.40219109490873756,0.047949898056101545,-14775591.592217937,9787.313668012619
131,8.24834198513549e-05,0.00011980046094328265,0.0003395039847234949,6.619589703431132e-05,0.004159181894287705,2.995011523582066e-05,0.00026718886390970887,0.0006527434776385685,0.40219108490873756,0.047949908056101546,-14775591.5922142,9861.033701896667
132,8.24834198513549e-05,0.00011980046094328265,0.00034243476383698625,6.619589703431132e-05,0.004144392671607333,2.995011523582066e-05,0.00026718886390970887,0.0006595083969347079,0.4009075720487971,0.047757348102004535,-14775590.719057987,9936.439319610596
133,8.24734198513549e-05,0.00011980046094328265,0.00034243476383698625,6.619589703431132e-05,0.004144392671607333,2.995011523582066e-05,0.00026718886390970887,0.0006595083969347079,0.4009075720487971,0.047757348102004535,-14775590.735056872,10012.135221242905
134,8.24834198513549e-05,0.00011979046094328265,0.00034243476383698625,6.619589703431132e-05,0.004144392671607333,2.995011523582066e-05,0.00026718886390970887,0.0006595083969347079,0.4009075720487971,0.047757348102004535,-14775590.72097667,10087.520099878311
135,8.24834198513549e-05,0.00011980046094328265,0.00034244476383698625,6.619589703431132e-05,0.004144392671607333,2.995011523582066e-05,0.00026718886390970887,0.0006595083969347079,0.4009075720487971,0.047757348102004535,-14775590.719317636,10161.673054218292
136,8.24834198513549e-05,0.00011980046094328265,0.00034243476383698625,6.618589703431132e-05,0.004144392671607333,2.995011523582066e-05,0.00026718886390970887,0.0006595083969347079,0.4009075720487971,0.047757348102004535,-14775590.747622192,10237.212563991547
137,8.24834198513549e-05,0.00011980046094328265,0.00034243476383698625,6.619589703431132e-05,0.004144402671607333,2.995011523582066e-05,0.00026718886390970887,0.0006595083969347079,0.4009075720487971,0.047757348102004535,-14775590.719495997,10312.057249307632
138,8.24834198513549e-05,0.00011980046094328265,0.00034243476383698625,6.619589703431132e-05,0.004144392671607333,2.994011523582066e-05,0.00026718886390970887,0.0006595083969347079,0.4009075720487971,0.047757348102004535,-14775590.719861155,10386.713913917542
139,8.24834198513549e-05,0.00011980046094328265,0.00034243476383698625,6.619589703431132e-05,0.004144392671607333,2.995011523582066e-05,0.00026719886390970887,0.0006595083969347079,0.4009075720487971,0.047757348102004535,-14775590.72271571,10461.247508525848
140,8.24834198513549e-05,0.00011980046094328265,0.00034243476383698625,6.619589703431132e-05,0.004144392671607333,2.995011523582066e-05,0.00026718886390970887,0.000659518396934708,0.4009075720487971,0.047757348102004535,-14775590.719986869,10535.880056381226
141,8.24834198513549e-05,0.00011980046094328265,0.00034243476383698625,6.619589703431132e-05,0.004144392671607333,2.995011523582066e-05,0.00026718886390970887,0.0006595083969347079,0.4009075820487971,0.047757348102004535,-14775590.719063453,10610.21859240532
142,8.24834198513549e-05,0.00011980046094328265,0.00034243476383698625,6.619589703431132e-05,0.004144392671607333,2.995011523582066e-05,0.00026718886390970887,0.0006595083969347079,0.4009075720487971,0.047757358102004537,-14775590.719059445,10683.963776350021
143,8.24834198513549e-05,0.00011980046094328265,0.00034671592137098584,6.619589703431132e-05,0.004118385773469816,2.995011523582066e-05,0.00026718886390970887,0.0006722124613570162,0.3926944670547243,0.04652530599586389,-14775586.97121456,10758.043209314346
144,8.24734198513549e-05,0.00011980046094328265,0.00034671592137098584,6.619589703431132e-05,0.004118385773469816,2.995011523582066e-05,0.00026718886390970887,0.0006722124613570162,0.3926944670547243,0.04652530599586389,-14775586.987009175,10832.292368650436
145,8.24834198513549e-05,0.00011979046094328265,0.00034671592137098584,6.619589703431132e-05,0.004118385773469816,2.995011523582066e-05,0.00026718886390970887,0.0006722124613570162,0.3926944670547243,0.04652530599586389,-14775586.973003069,10907.854836702347
146,8.24834198513549e-05,0.00011980046094328265,0.00034672592137098584,6.619589703431132e-05,0.004118385773469816,2.995011523582066e-05,0.00026718886390970887,0.0006722124613570162,0.3926944670547243,0.04652530599586389,-14775586.971967598,10983.774731874466
147,8.24834198513549e-05,0.00011980046094328265,0.00034671592137098584,6.618589703431132e-05,0.004118385773469816,2.995011523582066e-05,0.00026718886390970887,0.0006722124613570162,0.3926944670547243,0.04652530599586389,-14775586.99928665,11057.756258010864
148,8.24834198513549e-05,0.00011980046094328265,0.00034671592137098584,6.619589703431132e-05,0.004118395773469816,2.995011523582066e-05,0.00026718886390970887,0.0006722124613570162,0.3926944670547243,0.04652530599586389,-14775586.971668402,11132.37675666809
149,8.24834198513549e-05,0.00011980046094328265,0.00034671592137098584,6.619589703431132e-05,0.004118385773469816,2.994011523582066e-05,0.00026718886390970887,0.0006722124613570162,0.3926944670547243,0.04652530599586389,-14775586.972022602,11206.810559034348
150,8.24834198513549e-05,0.00011980046094328265,0.00034671592137098584,6.619589703431132e-05,0.004118385773469816,2.995011523582066e-05,0.00026719886390970887,0.0006722124613570162,0.3926944670547243,0.04652530599586389,-14775586.974752147,11280.886550426483
151,8.24834198513549e-05,0.00011980046094328265,0.00034671592137098584,6.619589703431132e-05,0.004118385773469816,2.995011523582066e-05,0.00026718886390970887,0.0006722224613570163,0.3926944670547243,0.04652530599586389,-14775586.973013133,11355.25103878975
152,8.24834198513549e-05,0.00011980046094328265,0.00034671592137098584,6.619589703431132e-05,0.004118385773469816,2.995011523582066e-05,0.00026718886390970887,0.0006722124613570162,0.3926944770547243,0.04652530599586389,-14775586.971220009,11429.874727249146
153,8.24834198513549e-05,0.00011980046094328265,0.00034671592137098584,6.619589703431132e-05,0.004118385773469816,2.995011523582066e-05,0.00026718886390970887,0.0006722124613570162,0.3926944670547243,0.04652531599586389,-14775586.971215963,11503.478864192963
154,8.24834198513549e-05,0.00011980046094328265,0.00035374779852425335,6.619589703431132e-05,0.004036961961139012,2.995011523582066e-05,0.00026718886390970887,0.0007055628266081604,0.3549291504894589,0.040860192611940654,-14775573.460595867,11577.908756494522
155,8.24734198513549e-05,0.00011980046094328265,0.00035374779852425335,6.619589703431132e-05,0.004036961961139012,2.995011523582066e-05,0.00026718886390970887,0.0007055628266081604,0.3549291504894589,0.040860192611940654,-14775573.475877898,11651.54638338089
156,8.24834198513549e-05,0.00011979046094328265,0.00035374779852425335,6.619589703431132e-05,0.004036961961139012,2.995011523582066e-05,0.00026718886390970887,0.0007055628266081604,0.3549291504894589,0.040860192611940654,-14775573.462082064,11725.77508854866
157,8.24834198513549e-05,0.00011980046094328265,0.00035375779852425335,6.619589703431132e-05,0.004036961961139012,2.995011523582066e-05,0.00026718886390970887,0.0007055628266081604,0.3549291504894589,0.040860192611940654,-14775573.462056402,11799.36477136612
158,8.24834198513549e-05,0.00011980046094328265,0.00035374779852425335,6.618589703431132e-05,0.004036961961139012,2.995011523582066e-05,0.00026718886390970887,0.0007055628266081604,0.3549291504894589,0.040860192611940654,-14775573.48710865,11873.873655796051
159,8.24834198513549e-05,0.00011980046094328265,0.00035374779852425335,6.619589703431132e-05,0.004036971961139012,2.995011523582066e-05,0.00026718886390970887,0.0007055628266081604,0.3549291504894589,0.040860192611940654,-14775573.46057635,11948.231021404266
160,8.24834198513549e-05,0.00011980046094328265,0.00035374779852425335,6.619589703431132e-05,0.004036961961139012,2.994011523582066e-05,0.00026718886390970887,0.0007055628266081604,0.3549291504894589,0.040860192611940654,-14775573.461426603,12022.317602872849
161,8.24834198513549e-05,0.00011980046094328265,0.00035374779852425335,6.619589703431132e-05,0.004036961961139012,2.995011523582066e-05,0.00026719886390970887,0.0007055628266081604,0.3549291504894589,0.040860192611940654,-14775573.463675551,12096.046994924545
162,8.24834198513549e-05,0.00011980046094328265,0.00035374779852425335,6.619589703431132e-05,0.004036961961139012,2.995011523582066e-05,0.00026718886390970887,0.0007055728266081604,0.3549291504894589,0.040860192611940654,-14775573.463089291,12169.985261201859
163,8.24834198513549e-05,0.00011980046094328265,0.00035374779852425335,6.619589703431132e-05,0.004036961961139012,2.995011523582066e-05,0.00026718886390970887,0.0007055628266081604,0.3549291604894589,0.040860192611940654,-14775573.460600907,12244.277318954468
164,8.24834198513549e-05,0.00011980046094328265,0.00035374779852425335,6.619589703431132e-05,0.004036961961139012,2.995011523582066e-05,0.00026718886390970887,0.0007055628266081604,0.3549291504894589,0.040860202611940656,-14775573.460597068,12318.260821819305
165,8.24834198513549e-05,0.00011980046094328265,0.0003786020724994983,6.619589703431132e-05,0.003987620626735179,2.995011523582066e-05,0.00026718886390970887,0.0007407421198419442,0.2710333279757785,0.02827522694484151,-14775558.592139661,12392.451596021652
166,8.24734198513549e-05,0.00011980046094328265,0.0003786020724994983,6.619589703431132e-05,0.003987620626735179,2.995011523582066e-05,0.00026718886390970887,0.0007407421198419442,0.2710333279757785,0.02827522694484151,-14775558.605912808,12467.626774311066
167,8.24834198513549e-05,0.00011979046094328265,0.0003786020724994983,6.619589703431132e-05,0.003987620626735179,2.995011523582066e-05,0.00026718886390970887,0.0007407421198419442,0.2710333279757785,0.02827522694484151,-14775558.592678605,12542.174351930618
168,8.24834198513549e-05,0.00011980046094328265,0.0003786120724994983,6.619589703431132e-05,0.003987620626735179,2.995011523582066e-05,0.00026718886390970887,0.0007407421198419442,0.2710333279757785,0.02827522694484151,-14775558.596198313,12617.67823433876
169,8.24834198513549e-05,0.00011980046094328265,0.0003786020724994983,6.618589703431132e-05,0.003987620626735179,2.995011523582066e-05,0.00026718886390970887,0.0007407421198419442,0.2710333279757785,0.02827522694484151,-14775558.61452521,12691.89942073822
170,8.24834198513549e-05,0.00011980046094328265,0.0003786020724994983,6.619589703431132e-05,0.003987630626735179,2.995011523582066e-05,0.00026718886390970887,0.0007407421198419442,0.2710333279757785,0.02827522694484151,-14775558.593211584,12766.768372058868
171,8.24834198513549e-05,0.00011980046094328265,0.0003786020724994983,6.619589703431132e-05,0.003987620626735179,2.994011523582066e-05,0.00026718886390970887,0.0007407421198419442,0.2710333279757785,0.02827522694484151,-14775558.592994956,12840.7696788311
172,8.24834198513549e-05,0.00011980046094328265,0.0003786020724994983,6.619589703431132e-05,0.003987620626735179,2.995011523582066e-05,0.00026719886390970887,0.0007407421198419442,0.2710333279757785,0.02827522694484151,-14775558.594214335,12914.782629966736
173,8.24834198513549e-05,0.00011980046094328265,0.0003786020724994983,6.619589703431132e-05,0.003987620626735179,2.995011523582066e-05,0.00026718886390970887,0.0007407521198419442,0.2710333279757785,0.02827522694484151,-14775558.59730664,12988.557294130325
174,8.24834198513549e-05,0.00011980046094328265,0.0003786020724994983,6.619589703431132e-05,0.003987620626735179,2.995011523582066e-05,0.00026718886390970887,0.0007407421198419442,0.2710333379757785,0.02827522694484151,-14775558.592142308,13061.66284418106
175,8.24834198513549e-05,0.00011980046094328265,0.0003786020724994983,6.619589703431132e-05,0.003987620626735179,2.995011523582066e-05,0.00026718886390970887,0.0007407421198419442,0.2710333279757785,0.028275236944841513,-14775558.5921403,13138.261073350906
176,8.24834198513549e-05,0.00011980046094328265,0.0003531769296063954,6.619589703431132e-05,0.003928268553554854,2.995011523582066e-05,0.00026718886390970887,0.0007545510568595302,0.23299289455102945,0.022568868263983053,-14775548.684119662,13211.967293739319
177,8.24734198513549e-05,0.00011980046094328265,0.0003531769296063954,6.619589703431132e-05,0.003928268553554854,2.995011523582066e-05,0.00026718886390970887,0.0007545510568595302,0.23299289455102945,0.022568868263983053,-14775548.697626468,13288.811509132385
178,8.24834198513549e-05,0.00011979046094328265,0.0003531769296063954,6.619589703431132e-05,0.003928268553554854,2.995011523582066e-05,0.00026718886390970887,0.0007545510568595302,0.23299289455102945,0.022568868263983053,-14775548.6844831,13365.255512237549
179,8.24834198513549e-05,0.00011980046094328265,0.0003531869296063954,6.619589703431132e-05,0.003928268553554854,2.995011523582066e-05,0.00026718886390970887,0.0007545510568595302,0.23299289455102945,0.022568868263983053,-14775548.685632695,13439.549621343613
180,8.24834198513549e-05,0.00011980046094328265,0.0003531769296063954,6.618589703431132e-05,0.003928268553554854,2.995011523582066e-05,0.00026718886390970887,0.0007545510568595302,0.23299289455102945,0.022568868263983053,-14775548.705326192,13514.456058263779
181,8.24834198513549e-05,0.00011980046094328265,0.0003531769296063954,6.619589703431132e-05,0.003928278553554854,2.995011523582066e-05,0.00026718886390970887,0.0007545510568595302,0.23299289455102945,0.022568868263983053,-14775548.68372734,13589.127750873566
182,8.24834198513549e-05,0.00011980046094328265,0.0003531769296063954,6.619589703431132e-05,0.003928268553554854,2.994011523582066e-05,0.00026718886390970887,0.0007545510568595302,0.23299289455102945,0.022568868263983053,-14775548.684945496,13664.006348848343
183,8.24834198513549e-05,0.00011980046094328265,0.0003531769296063954,6.619589703431132e-05,0.003928268553554854,2.995011523582066e-05,0.00026719886390970887,0.0007545510568595302,0.23299289455102945,0.022568868263983053,-14775548.685838321,13739.726236820221
184,8.24834198513549e-05,0.00011980046094328265,0.0003531769296063954,6.619589703431132e-05,0.003928268553554854,2.995011523582066e-05,0.00026718886390970887,0.0007545610568595303,0.23299289455102945,0.022568868263983053,-14775548.68597241,13813.896915912628
185,8.24834198513549e-05,0.00011980046094328265,0.0003531769296063954,6.619589703431132e-05,0.003928268553554854,2.995011523582066e-05,0.00026718886390970887,0.0007545510568595302,0.23299290455102944,0.022568868263983053,-14775548.684119796,13888.239380836487
186,8.24834198513549e-05,0.00011980046094328265,0.0003531769296063954,6.619589703431132e-05,0.003928268553554854,2.995011523582066e-05,0.00026718886390970887,0.0007545510568595302,0.23299289455102945,0.022568878263983055,-14775548.684120016,13963.85368180275
187,8.24834198513549e-05,0.00011980046094328265,0.0003385028316371323,6.619589703431132e-05,0.003986136406103515,2.995011523582066e-05,0.00026718886390970887,0.0007252748011908745,0.2537053092677355,0.02567591079083681,-14775542.370590905,14038.283563613892
188,8.24734198513549e-05,0.00011980046094328265,0.0003385028316371323,6.619589703431132e-05,0.003986136406103515,2.995011523582066e-05,0.00026718886390970887,0.0007252748011908745,0.2537053092677355,0.02567591079083681,-14775542.384573467,14112.864116668701
189,8.24834198513549e-05,0.00011979046094328265,0.0003385028316371323,6.619589703431132e-05,0.003986136406103515,2.995011523582066e-05,0.00026718886390970887,0.0007252748011908745,0.2537053092677355,0.02567591079083681,-14775542.37121174,14186.5318069458
190,8.24834198513549e-05,0.00011980046094328265,0.0003385128316371323,6.619589703431132e-05,0.003986136406103515,2.995011523582066e-05,0.00026718886390970887,0.0007252748011908745,0.2537053092677355,0.02567591079083681,-14775542.370757904,14260.943832159042
191,8.24834198513549e-05,0.00011980046094328265,0.0003385028316371323,6.618589703431132e-05,0.003986136406103515,2.995011523582066e-05,0.00026718886390970887,0.0007252748011908745,0.2537053092677355,0.02567591079083681,-14775542.392822258,14334.877611875534
192,8.24834198513549e-05,0.00011980046094328265,0.0003385028316371323,6.619589703431132e-05,0.003986146406103515,2.995011523582066e-05,0.00026718886390970887,0.0007252748011908745,0.2537053092677355,0.02567591079083681,-14775542.369944822,14408.803629398346
193,8.24834198513549e-05,0.00011980046094328265,0.0003385028316371323,6.619589703431132e-05,0.003986136406103515,2.994011523582066e-05,0.00026718886390970887,0.0007252748011908745,0.2537053092677355,0.02567591079083681,-14775542.371430067,14482.85651230812
194,8.24834198513549e-05,0.00011980046094328265,0.0003385028316371323,6.619589703431132e-05,0.003986136406103515,2.995011523582066e-05,0.00026719886390970887,0.0007252748011908745,0.2537053092677355,0.02567591079083681,-14775542.37260354,14556.555418014526
195,8.24834198513549e-05,0.00011980046094328265,0.0003385028316371323,6.619589703431132e-05,0.003986136406103515,2.995011523582066e-05,0.00026718886390970887,0.0007252848011908746,0.2537053092677355,0.02567591079083681,-14775542.371168772,14629.96034693718
196,8.24834198513549e-05,0.00011980046094328265,0.0003385028316371323,6.619589703431132e-05,0.003986136406103515,2.995011523582066e-05,0.00026718886390970887,0.0007252748011908745,0.2537053192677355,0.02567591079083681,-14775542.370591998,14703.890547513962
197,8.24834198513549e-05,0.00011980046094328265,0.0003385028316371323,6.619589703431132e-05,0.003986136406103515,2.995011523582066e-05,0.00026718886390970887,0.0007252748011908745,0.2537053092677355,0.02567592079083681,-14775542.370591477,14778.938966035843
198,8.24834198513549e-05,0.00011980046094328265,0.00033266481173622,6.619589703431132e-05,0.004083366935885942,2.995011523582066e-05,0.00026718886390970887,0.000686479660585387,0.25339145317004136,0.025628899101565725,-14775537.772497045,14853.209695339203
199,8.24734198513549e-05,0.00011980046094328265,0.00033266481173622,6.619589703431132e-05,0.004083366935885942,2.995011523582066e-05,0.00026718886390970887,0.000686479660585387,0.25339145317004136,0.025628899101565725,-14775537.786511803,14926.489341497421
200,8.24834198513549e-05,0.00011979046094328265,0.00033266481173622,6.619589703431132e-05,0.004083366935885942,2.995011523582066e-05,0.00026718886390970887,0.000686479660585387,0.25339145317004136,0.025628899101565725,-14775537.773094304,15001.92415547371
201,8.24834198513549e-05,0.00011980046094328265,0.00033267481173622,6.619589703431132e-05,0.004083366935885942,2.995011523582066e-05,0.00026718886390970887,0.000686479660585387,0.25339145317004136,0.025628899101565725,-14775537.772263937,15077.854968070984
202,8.24834198513549e-05,0.00011980046094328265,0.00033266481173622,6.618589703431132e-05,0.004083366935885942,2.995011523582066e-05,0.00026718886390970887,0.000686479660585387,0.25339145317004136,0.025628899101565725,-14775537.794590933,15152.372495651245
203,8.24834198513549e-05,0.00011980046094328265,0.00033266481173622,6.619589703431132e-05,0.004083376935885942,2.995011523582066e-05,0.00026718886390970887,0.000686479660585387,0.25339145317004136,0.025628899101565725,-14775537.772459304,15227.116958856583
204,8.24834198513549e-05,0.00011980046094328265,0.00033266481173622,6.619589703431132e-05,0.004083366935885942,2.994011523582066e-05,0.00026718886390970887,0.000686479660585387,0.25339145317004136,0.025628899101565725,-14775537.773347909,15300.971470117569
205,8.24834198513549e-05,0.00011980046094328265,0.00033266481173622,6.619589703431132e-05,0.004083366935885942,2.995011523582066e-05,0.00026719886390970887,0.000686479660585387,0.25339145317004136,0.025628899101565725,-14775537.774552386,15375.800774097443
206,8.24834198513549e-05,0.00011980046094328265,0.00033266481173622,6.619589703431132e-05,0.004083366935885942,2.995011523582066e-05,0.00026718886390970887,0.000686489660585387,0.25339145317004136,0.025628899101565725,-14775537.772523038,15452.078867435455
207,8.24834198513549e-05,0.00011980046094328265,0.00033266481173622,6.619589703431132e-05,0.004083366935885942,2.995011523582066e-05,0.00026718886390970887,0.000686479660585387,0.25339146317004135,0.025628899101565725,-14775537.772497455,15525.992080450058
208,8.24834198513549e-05,0.00011980046094328265,0.00033266481173622,6.619589703431132e-05,0.004083366935885942,2.995011523582066e-05,0.00026718886390970887,0.000686479660585387,0.25339145317004136,0.025628909101565726,-14775537.772497637,15601.663588762283
209,8.24834198513549e-05,0.00011980046094328265,0.00033656916382149136,6.619589703431132e-05,0.004083351996359836,2.995011523582066e-05,0.00026718886390970887,0.0006855960561234769,0.24669484259589503,0.02462431509723157,-14775537.59027691,15676.384450435638
210,8.24734198513549e-05,0.00011980046094328265,0.00033656916382149136,6.619589703431132e-05,0.004083351996359836,2.995011523582066e-05,0.00026718886390970887,0.0006855960561234769,0.24669484259589503,0.02462431509723157,-14775537.604236096,15750.36298751831
211,8.24834198513549e-05,0.00011979046094328265,0.00033656916382149136,6.619589703431132e-05,0.004083351996359836,2.995011523582066e-05,0.00026718886390970887,0.0006855960561234769,0.24669484259589503,0.02462431509723157,-14775537.590864083,15824.499344348907
212,8.24834198513549e-05,0.00011980046094328265,0.00033657916382149136,6.619589703431132e-05,0.004083351996359836,2.995011523582066e-05,0.00026718886390970887,0.0006855960561234769,0.24669484259589503,0.02462431509723157,-14775537.59034462,15898.86352610588
213,8.24834198513549e-05,0.00011980046094328265,0.00033656916382149136,6.618589703431132e-05,0.004083351996359836,2.995011523582066e-05,0.00026718886390970887,0.0006855960561234769,0.24669484259589503,0.02462431509723157,-14775537.612188965,15972.722672224045
214,8.24834198513549e-05,0.00011980046094328265,0.00033656916382149136,6.619589703431132e-05,0.0040833619963598355,2.995011523582066e-05,0.00026718886390970887,0.0006855960561234769,0.24669484259589503,0.02462431509723157,-14775537.590227788,16047.68653512001
215,8.24834198513549e-05,0.00011980046094328265,0.00033656916382149136,6.619589703431132e-05,0.004083351996359836,2.994011523582066e-05,0.00026718886390970887,0.0006855960561234769,0.24669484259589503,0.02462431509723157,-14775537.591129676,16122.059700489044
216,8.24834198513549e-05,0.00011980046094328265,0.00033656916382149136,6.619589703431132e-05,0.004083351996359836,2.995011523582066e-05,0.00026719886390970887,0.0006855960561234769,0.24669484259589503,0.02462431509723157,-14775537.592245812,16195.925703525543
217,8.24834198513549e-05,0.00011980046094328265,0.00033656916382149136,6.619589703431132e-05,0.004083351996359836,2.995011523582066e-05,0.00026718886390970887,0.0006856060561234769,0.24669484259589503,0.02462431509723157,-14775537.59014884,16270.093011379242
218,8.24834198513549e-05,0.00011980046094328265,0.00033656916382149136,6.619589703431132e-05,0.004083351996359836,2.995011523582066e-05,0.00026718886390970887,0.0006855960561234769,0.24669485259589502,0.02462431509723157,-14775537.59027657,16345.90472316742
219,8.24834198513549e-05,0.00011980046094328265,0.00033656916382149136,6.619589703431132e-05,0.004083351996359836,2.995011523582066e-05,0.00026718886390970887,0.0006855960561234769,0.24669484259589503,0.024624325097231572,-14775537.590277443,16421.031064748764
220,8.24834198513549e-05,0.00011980046094328265,0.0003353656607571005,6.619589703431132e-05,0.004085365069455556,2.995011523582066e-05,0.00026718886390970887,0.0006856566376531017,0.24897431727166128,0.024966244971913854,-14775537.596766446,16496.479164600372
221,8.24734198513549e-05,0.00011980046094328265,0.0003353656607571005,6.619589703431132e-05,0.004085365069455556,2.995011523582066e-05,0.00026718886390970887,0.0006856566376531017,0.24897431727166128,0.024966244971913854,-14775537.610726224,16571.145718097687
222,8.24834198513549e-05,0.00011979046094328265,0.0003353656607571005,6.619589703431132e-05,0.004085365069455556,2.995011523582066e-05,0.00026718886390970887,0.0006856566376531017,0.24897431727166128,0.024966244971913854,-14775537.597340269,16646.579951286316
223,8.24834198513549e-05,0.00011980046094328265,0.0003353756607571005,6.619589703431132e-05,0.004085365069455556,2.995011523582066e-05,0.00026718886390970887,0.0006856566376531017,0.24897431727166128,0.024966244971913854,-14775537.596763033,16720.838522195816
224,8.24834198513549e-05,0.00011980046094328265,0.0003353656607571005,6.618589703431132e-05,0.004085365069455556,2.995011523582066e-05,0.00026718886390970887,0.0006856566376531017,0.24897431727166128,0.024966244971913854,-14775537.618705269,16796.710154771805
225,8.24834198513549e-05,0.00011980046094328265,0.0003353656607571005,6.619589703431132e-05,0.004085375069455556,2.995011523582066e-05,0.00026718886390970887,0.0006856566376531017,0.24897431727166128,0.024966244971913854,-14775537.596778816,16870.445697784424
226,8.24834198513549e-05,0.00011980046094328265,0.0003353656607571005,6.619589703431132e-05,0.004085365069455556,2.994011523582066e-05,0.00026718886390970887,0.0006856566376531017,0.24897431727166128,0.024966244971913854,-14775537.597618664,16945.119835853577
227,8.24834198513549e-05,0.00011980046094328265,0.0003353656607571005,6.619589703431132e-05,0.004085365069455556,2.995011523582066e-05,0.00026719886390970887,0.0006856566376531017,0.24897431727166128,0.024966244971913854,-14775537.598763088,17019.51481485367
228,8.24834198513549e-05,0.00011980046094328265,0.0003353656607571005,6.619589703431132e-05,0.004085365069455556,2.995011523582066e-05,0.00026718886390970887,0.0006856666376531018,0.24897431727166128,0.024966244971913854,-14775537.596793192,17093.920122861862
229,8.24834198513549e-05,0.00011980046094328265,0.0003353656607571005,6.619589703431132e-05,0.004085365069455556,2.995011523582066e-05,0.00026718886390970887,0.0006856566376531017,0.24897432727166127,0.024966244971913854,-14775537.596766332,17168.355640411377
230,8.24834198513549e-05,0.00011980046094328265,0.0003353656607571005,6.619589703431132e-05,0.004085365069455556,2.995011523582066e-05,0.00026718886390970887,0.0006856566376531017,0.24897431727166128,0.024966254971913855,-14775537.59676702,17243.128861427307
231,8.24834198513549e-05,0.00011980046094328265,0.0003362314348866886,6.619589703431132e-05,0.004083916908118197,2.995011523582066e-05,0.00026718886390970887,0.0006856130566082071,0.24733451238730184,0.024720267999862634,-14775537.585958982,17318.099323272705
232,8.24734198513549e-05,0.00011980046094328265,0.0003362314348866886,6.619589703431132e-05,0.004083916908118197,2.995011523582066e-05,0.00026718886390970887,0.0006856130566082071,0.24733451238730184,0.024720267999862634,-14775537.59991861,17392.387105226517
233,8.24834198513549e-05,0.00011979046094328265,0.0003362314348866886,6.619589703431132e-05,0.004083916908118197,2.995011523582066e-05,0.00026718886390970887,0.0006856130566082071,0.24733451238730184,0.024720267999862634,-14775537.586541729,17467.94970369339
234,8.24834198513549e-05,0.00011980046094328265,0.0003362414348866886,6.619589703431132e-05,0.004083916908118197,2.995011523582066e-05,0.00026718886390970887,0.0006856130566082071,0.24733451238730184,0.024720267999862634,-14775537.586008664,17541.917726039886
235,8.24834198513549e-05,0.00011980046094328265,0.0003362314348866886,6.618589703431132e-05,0.004083916908118197,2.995011523582066e-05,0.00026718886390970887,0.0006856130566082071,0.24733451238730184,0.024720267999862634,-14775537.607879257,17615.449964523315
236,8.24834198513549e-05,0.00011980046094328265,0.0003362314348866886,6.619589703431132e-05,0.004083926908118197,2.995011523582066e-05,0.00026718886390970887,0.0006856130566082071,0.24733451238730184,0.024720267999862634,-14775537.585927825,17689.304671287537
237,8.24834198513549e-05,0.00011980046094328265,0.0003362314348866886,6.619589703431132e-05,0.004083916908118197,2.994011523582066e-05,0.00026718886390970887,0.0006856130566082071,0.24733451238730184,0.024720267999862634,-14775537.58681152,17763.785241365433
238,8.24834198513549e-05,0.00011980046094328265,0.0003362314348866886,6.619589703431132e-05,0.004083916908118197,2.995011523582066e-05,0.00026719886390970887,0.0006856130566082071,0.24733451238730184,0.024720267999862634,-14775537.587934969,17837.989121198654
239,8.24834198513549e-05,0.00011980046094328265,0.0003362314348866886,6.619589703431132e-05,0.004083916908118197,2.995011523582066e-05,0.00026718886390970887,0.0006856230566082072,0.24733451238730184,0.024720267999862634,-14775537.585872397,17913.262846946716
240,8.24834198513549e-05,0.00011980046094328265,0.0003362314348866886,6.619589703431132e-05,0.004083916908118197,2.995011523582066e-05,0.00026718886390970887,0.0006856130566082071,0.24733452238730183,0.024720267999862634,-14775537.585958986,17987.35081386566
241,8.24834198513549e-05,0.00011980046094328265,0.0003362314348866886,6.619589703431132e-05,0.004083916908118197,2.995011523582066e-05,0.00026718886390970887,0.0006856130566082071,0.24733451238730184,0.024720277999862636,-14775537.585959569,18061.62275481224
